original_path,current_path,region_id,rom_start,rom_end,functions
src/sub_08000000.c,src/unnamed/sub_08000000.c,sub_08000000,0x08000000,0x08000004,sub_08000000
src/rom_entry_stack.s,src/runtime/rom_entry_stack.s,rom_entry_stack,0x080000C0,0x080000F0,rom_entry_stack
src/rom_irq_dispatch.s,src/runtime/rom_irq_dispatch.s,rom_irq_dispatch,0x0800024C,0x080003BC,rom_irq_dispatch
src/sub_080920EC.c,src/unnamed/sub_080920EC.c,sub_080920EC,0x080920EC,0x080921D4,sub_080920EC
src/sub_080921D4.c,src/unnamed/sub_080921D4.c,sub_080921D4,0x080921D4,0x0809223C,sub_080921D4
src/sub_0809223C.c,src/unnamed/sub_0809223C.c,sub_0809223C,0x0809223C,0x080922A4,sub_0809223C
src/sub_080922A4.c,src/unnamed/sub_080922A4.c,sub_080922A4,0x080922A4,0x08092348,sub_080922A4
src/sub_08092348.c,src/graphics/arm_scanline_events.c,sub_08092348,0x08092348,0x080923E0,ArmScanlineEvents
src/auto_080923E0.c,src/unnamed/auto_080923E0.c,auto_080923E0,0x080923E0,0x080923E4,sub_080923E0
src/sub_080923E4.c,src/unnamed/sub_080923E4.c,sub_080923E4,0x080923E4,0x08092410,sub_080923E4
src/sub_08092410.c,src/unnamed/sub_08092410.c,sub_08092410,0x08092410,0x08092554,sub_08092410
src/zoids.c,src/graphics/hblank_callbacks.c,region0,0x08092554,0x0809256C,NoOp;InitHBlankCallbacks
src/init4.c,src/graphics/init_scanline_events.c,region1,0x0809256C,0x0809258C,InitScanlineEvents
src/sub_0809258C.c,src/graphics/reset_scanline_events.c,region2,0x0809258C,0x080925A4,ResetScanlineEvents
src/sub_080925A4.c,src/graphics/insert_scanline_event.c,region3,0x080925A4,0x08092604,InsertScanlineEvent
src/auto_08092604.c,src/engine/read_keys.c,auto_08092604,0x08092604,0x08092634,ReadKeys
src/sub_08092634.c,src/unnamed/sub_08092634.c,sub_08092634,0x08092634,0x0809279C,sub_08092634
src/sub_0809279C.c,src/unnamed/sub_0809279C.c,sub_0809279C,0x0809279C,0x08092834,sub_0809279C
src/sub_08092834.c,src/unnamed/sub_08092834.c,sub_08092834,0x08092834,0x0809289C,sub_08092834
src/sub_0809289C.c,src/engine/deferred_callbacks.c,sub_0809289C,0x0809289C,0x0809290C,InitDeferredCallbacks;QueueDeferredCallback
src/sub_0809290C.c,src/engine/run_deferred_callbacks.c,sub_0809290C,0x0809290C,0x08092948,RunDeferredCallbacks
src/sub_08092948.c,src/engine/copy_deferred_memory.c,sub_08092948,0x08092948,0x08092964,CopyDeferredMemory
src/sub_08092964.c,src/engine/fill_deferred_memory.c,sub_08092964,0x08092964,0x0809298C,FillDeferredMemory
src/auto_080929B0.c,src/unnamed/auto_080929B0.c,auto_080929B0,0x080929B0,0x080929C0,sub_080929B0
src/sub_080929C0.c,src/engine/multiply_fixed12.c,sub_080929C0,0x080929C0,0x08092A14,MultiplyFixed12
src/sub_08092A14.c,src/unnamed/sub_08092A14.c,sub_08092A14,0x08092A14,0x08092A90,sub_08092A14
src/sub_08092A90.c,src/engine/sin256.c,sub_08092A90,0x08092A90,0x08092ADC,Sin256
src/sub_08092ADC.c,src/engine/cos256.c,sub_08092ADC,0x08092ADC,0x08092AF4,Cos256
src/sub_08092B04.c,src/unnamed/sub_08092B04.c,sub_08092B04,0x08092B04,0x08092B2C,sub_08092B04
src/auto_08092B2C.c,src/unnamed/auto_08092B2C.c,auto_08092B2C,0x08092B2C,0x08092B44,sub_08092B2C
src/sub_08092B44.c,src/unnamed/sub_08092B44.c,sub_08092B44,0x08092B44,0x08092B8C,sub_08092B44
src/sub_08092B8C.c,src/unnamed/sub_08092B8C.c,sub_08092B8C,0x08092B8C,0x08092C48,sub_08092B8C
src/sub_08092C48.c,src/unnamed/sub_08092C48.c,sub_08092C48,0x08092C48,0x08092C68,sub_08092C48
src/sub_08092C68.c,src/unnamed/sub_08092C68.c,sub_08092C68,0x08092C68,0x08092D20,sub_08092C68;sub_08092C9C;sub_08092CA8;sub_08092CB4;sub_08092CC0;sub_08092CCC;sub_08092CD8;sub_08092CE4;sub_08092CF0;sub_08092CFC;sub_08092D08;sub_08092D14
src/sub_08092D20.c,src/unnamed/sub_08092D20.c,sub_08092D20,0x08092D20,0x08092D80,sub_08092D20
src/auto_08092D80.c,src/unnamed/auto_08092D80.c,auto_08092D80,0x08092D80,0x08092D8C,sub_08092D80
src/auto_08092D8C.c,src/unnamed/auto_08092D8C.c,auto_08092D8C,0x08092D8C,0x08092D9C,sub_08092D8C
src/sub_08092D9C.c,src/unnamed/sub_08092D9C.c,sub_08092D9C,0x08092D9C,0x08092E0C,sub_08092D9C
src/sub_08092E0C.c,src/unnamed/sub_08092E0C.c,sub_08092E0C,0x08092E0C,0x08092E2C,sub_08092E0C
src/sub_08092E2C.c,src/unnamed/sub_08092E2C.c,sub_08092E2C,0x08092E2C,0x08092E4C,sub_08092E2C
src/sub_08092E4C.c,src/unnamed/sub_08092E4C.c,sub_08092E4C,0x08092E4C,0x08092E74,sub_08092E4C
src/auto_08092E74.c,src/audio/play_or_continue_song.c,auto_08092E74,0x08092E74,0x08092E84,PlayOrContinueSong
src/sub_08092E84.c,src/audio/play_song.c,sub_08092E84,0x08092E84,0x08092EA0,PlaySong
src/auto_08092EA0.c,src/audio/stop_song.c,auto_08092EA0,0x08092EA0,0x08092EB0,StopSong
src/sub_08092EB0.c,src/audio/song_player_controls.c,sub_08092EB0,0x08092EB0,0x08092FA0,IsSongPlayerStopped;IsMusicPlayerStopped;SetSongVolume;FadeOutSong;PlaySongAndWait
src/sub_08092FA0.c,src/unnamed/sub_08092FA0.c,sub_08092FA0,0x08092FA0,0x08093008,sub_08092FA0
src/sub_08093008.c,src/unnamed/sub_08093008.c,sub_08093008,0x08093008,0x080930D0,sub_08093008
src/sub_080930D0.c,src/unnamed/sub_080930D0.c,sub_080930D0,0x080930D0,0x080930E8,sub_080930D0
src/sub_080930E8.c,src/unnamed/sub_080930E8.c,sub_080930E8,0x080930E8,0x08093138,sub_080930E8
src/sub_08093138.c,src/unnamed/sub_08093138.c,sub_08093138,0x08093138,0x0809324C,sub_08093138
src/sub_0809324C.c,src/unnamed/sub_0809324C.c,sub_0809324C,0x0809324C,0x0809329C,sub_0809324C
src/sub_0809329C.c,src/unnamed/sub_0809329C.c,sub_0809329C,0x0809329C,0x0809334C,sub_0809329C
src/sub_0809334C.c,src/unnamed/sub_0809334C.c,sub_0809334C,0x0809334C,0x080933E0,sub_0809334C
src/sub_080933E0.c,src/unnamed/sub_080933E0.c,sub_080933E0,0x080933E0,0x080934DC,sub_080933E0
src/sub_080934DC.c,src/unnamed/sub_080934DC.c,sub_080934DC,0x080934DC,0x08093678,sub_080934DC
src/sub_08093678.c,src/unnamed/sub_08093678.c,sub_08093678,0x08093678,0x0809370C,sub_08093678
src/auto_0809370C.c,src/unnamed/auto_0809370C.c,auto_0809370C,0x0809370C,0x0809378C,sub_0809370C
src/sub_0809378C.c,src/unnamed/sub_0809378C.c,sub_0809378C,0x0809378C,0x0809388C,sub_0809378C
src/sub_0809388C.c,src/unnamed/sub_0809388C.c,sub_0809388C,0x0809388C,0x0809398C,sub_0809388C
src/sub_0809398C.c,src/unnamed/sub_0809398C.c,sub_0809398C,0x0809398C,0x080939E8,sub_0809398C
src/sub_080939E8.c,src/unnamed/sub_080939E8.c,sub_080939E8,0x080939E8,0x08093AE8,sub_080939E8
src/sub_08093AE8.c,src/unnamed/sub_08093AE8.c,sub_08093AE8,0x08093AE8,0x08093B54,sub_08093AE8
src/auto_08093B54.c,src/unnamed/auto_08093B54.c,auto_08093B54,0x08093B54,0x08093B7C,sub_08093B54
src/sub_08093B7C.c,src/unnamed/sub_08093B7C.c,sub_08093B7C,0x08093B7C,0x08093D9C,sub_08093B7C
src/sub_08093D9C.c,src/unnamed/sub_08093D9C.c,sub_08093D9C,0x08093D9C,0x08093E30,sub_08093D9C
src/sub_08093E30.c,src/unnamed/sub_08093E30.c,sub_08093E30,0x08093E30,0x08093EC8,sub_08093E30
src/sub_08093EC8.c,src/save/transfer_save_block.c,sub_08093EC8,0x08093EC8,0x08094098,TransferSaveBlock
src/auto_08094098.c,src/save/write_save_block_0_auto.c,auto_08094098,0x08094098,0x080940AC,WriteSaveBlock0
src/sub_08094098.c,src/save/write_save_block_0.c,sub_08094098,0x08094098,0x080940AC,WriteSaveBlock0
src/auto_080940AC.c,src/save/write_save_block_1_auto.c,auto_080940AC,0x080940AC,0x080940C0,WriteSaveBlock1
src/sub_080940AC.c,src/save/write_save_block_1.c,sub_080940AC,0x080940AC,0x080940C0,WriteSaveBlock1
src/auto_080940C0.c,src/save/write_save_block_2_auto.c,auto_080940C0,0x080940C0,0x080940D4,WriteSaveBlock2
src/sub_080940C0.c,src/save/write_save_block_2.c,sub_080940C0,0x080940C0,0x080940D4,WriteSaveBlock2
src/auto_080940D4.c,src/save/write_save_block_3_auto.c,auto_080940D4,0x080940D4,0x080940E8,WriteSaveBlock3
src/sub_080940D4.c,src/save/write_save_block_3.c,sub_080940D4,0x080940D4,0x080940E8,WriteSaveBlock3
src/auto_080940E8.c,src/save/write_save_block_4_auto.c,auto_080940E8,0x080940E8,0x080940FC,WriteSaveBlock4
src/sub_080940E8.c,src/save/write_save_block_4.c,sub_080940E8,0x080940E8,0x080940FC,WriteSaveBlock4
src/sub_080940FC.c,src/save/write_save_blocks_5_6.c,sub_080940FC,0x080940FC,0x08094124,WriteSaveBlock5;WriteSaveBlock6
src/auto_08094124.c,src/save/read_save_block_0_auto.c,auto_08094124,0x08094124,0x08094138,ReadSaveBlock0
src/sub_08094124.c,src/save/read_save_block_0.c,sub_08094124,0x08094124,0x08094138,ReadSaveBlock0
src/auto_08094138.c,src/save/read_save_block_1_auto.c,auto_08094138,0x08094138,0x0809414C,ReadSaveBlock1
src/sub_08094138.c,src/save/read_save_block_1.c,sub_08094138,0x08094138,0x0809414C,ReadSaveBlock1
src/auto_0809414C.c,src/save/read_save_block_2_auto.c,auto_0809414C,0x0809414C,0x08094160,ReadSaveBlock2
src/sub_0809414C.c,src/save/read_save_block_2.c,sub_0809414C,0x0809414C,0x08094160,ReadSaveBlock2
src/auto_08094160.c,src/save/read_save_block_3_auto.c,auto_08094160,0x08094160,0x08094174,ReadSaveBlock3
src/sub_08094160.c,src/save/read_save_block_3.c,sub_08094160,0x08094160,0x08094174,ReadSaveBlock3
src/auto_08094174.c,src/save/read_save_block_4_auto.c,auto_08094174,0x08094174,0x08094188,ReadSaveBlock4
src/sub_08094174.c,src/save/read_save_block_4.c,sub_08094174,0x08094174,0x08094188,ReadSaveBlock4
src/auto_08094188.c,src/save/read_save_block_5_auto.c,auto_08094188,0x08094188,0x0809419C,ReadSaveBlock5
src/sub_08094188.c,src/save/read_save_block_5.c,sub_08094188,0x08094188,0x0809419C,ReadSaveBlock5
src/sub_0809419C.c,src/save/read_save_block_6_and_verify.c,sub_0809419C,0x0809419C,0x0809423C,ReadSaveBlock6;VerifySaveBlock0;VerifySaveBlock1;VerifySaveBlock2;VerifySaveBlock3;VerifySaveBlock4;VerifySaveBlock5;VerifySaveBlock6
src/sub_0809423C.c,src/save/invalidate_save_blocks.c,sub_0809423C,0x0809423C,0x08094290,InvalidateSaveBlocks
src/sub_08094290.c,src/graphics/set_h_blank_callback.c,sub_08094290,0x08094290,0x080942E0,SetHBlankCallback
src/sub_080942E0.c,src/graphics/clear_h_blank_callback.c,sub_080942E0,0x080942E0,0x08094330,ClearHBlankCallback
src/sub_08094330.c,src/graphics/clear_sprite_pools.c,sub_08094330,0x08094330,0x08094374,ClearSpritePools
src/sub_08094374.c,src/graphics/create_sprite_from_table.c,sub_08094374,0x08094374,0x08094484,CreateSpriteFromTable
src/sub_08094484.c,src/graphics/create_sprite.c,sub_08094484,0x08094484,0x08094554,CreateSprite
src/auto_08094554.c,src/graphics/destroy_sprite.c,auto_08094554,0x08094554,0x08094564,DestroySprite
src/sub_08094564.c,src/graphics/set_sprite_animation.c,sub_08094564,0x08094564,0x08094578,SetSpriteAnimation
src/sub_08094578.c,src/graphics/sort_active_sprites.c,sub_08094578,0x08094578,0x080946A0,SortActiveSprites
src/sub_080946A0.c,src/graphics/update_sprites_and_build_oam.c,sub_080946A0,0x080946A0,0x08095098,UpdateSpritesAndBuildOam
src/sub_08095098.c,src/graphics/create_sprite_group.c,sub_08095098,0x08095098,0x08095114,CreateSpriteGroup
src/sub_08095114.c,src/graphics/destroy_sprite_group.c,sub_08095114,0x08095114,0x08095154,DestroySpriteGroup
src/sub_08095154.c,src/graphics/update_sprite_groups.c,sub_08095154,0x08095154,0x080951E8,UpdateSpriteGroups
src/auto_080951E8.c,src/graphics/clear_transfer_queue.c,auto_080951E8,0x080951E8,0x08095208,ClearTransferQueue
src/sub_08095208.c,src/graphics/queue_copy.c,sub_08095208,0x08095208,0x08095254,QueueCopy
src/sub_08095254.c,src/graphics/queue_tilemap_copy.c,sub_08095254,0x08095254,0x080952AC,QueueTilemapCopy
src/sub_080952AC.c,src/graphics/process_transfer_queue.c,sub_080952AC,0x080952AC,0x08095330,ProcessTransferQueue
src/sub_0809534C.c,src/unnamed/sub_0809534C.c,sub_0809534C,0x0809534C,0x0809536C,sub_0809534C
src/sub_0809536C.c,src/unnamed/sub_0809536C.c,sub_0809536C,0x0809536C,0x0809538C,sub_0809536C
src/sub_0809538C.c,src/unnamed/sub_0809538C.c,sub_0809538C,0x0809538C,0x0809544C,sub_0809538C
src/sub_0809544C.c,src/unnamed/sub_0809544C.c,sub_0809544C,0x0809544C,0x08095494,sub_0809544C
src/sub_08095494.c,src/unnamed/sub_08095494.c,sub_08095494,0x08095494,0x080954D8,sub_08095494
src/sub_080954D8.c,src/unnamed/sub_080954D8.c,sub_080954D8,0x080954D8,0x080955A0,sub_080954D8
src/sub_080955A0.c,src/unnamed/sub_080955A0.c,sub_080955A0,0x080955A0,0x080955F4,sub_080955A0
src/auto_080955F4.c,src/unnamed/auto_080955F4.c,auto_080955F4,0x080955F4,0x0809564C,sub_080955F4
src/sub_0809564C.c,src/unnamed/sub_0809564C.c,sub_0809564C,0x0809564C,0x080956B4,sub_0809564C
src/auto_080956B4.c,src/unnamed/auto_080956B4.c,auto_080956B4,0x080956B4,0x0809570C,sub_080956B4
src/sub_0809570C.c,src/unnamed/sub_0809570C.c,sub_0809570C,0x0809570C,0x08095864,sub_0809570C
src/sub_08095864.c,src/unnamed/sub_08095864.c,sub_08095864,0x08095864,0x08095B84,sub_08095864
src/sub_08095B84.c,src/unnamed/sub_08095B84.c,sub_08095B84,0x08095B84,0x08095EE4,sub_08095B84
src/sub_08095EE4.c,src/unnamed/sub_08095EE4.c,sub_08095EE4,0x08095EE4,0x08095F9C,sub_08095EE4
src/sub_08095F9C.c,src/unnamed/sub_08095F9C.c,sub_08095F9C,0x08095F9C,0x08096080,sub_08095F9C
src/sub_08096080.c,src/unnamed/sub_08096080.c,sub_08096080,0x08096080,0x08096278,sub_08096080
src/sub_08096278.c,src/unnamed/sub_08096278.c,sub_08096278,0x08096278,0x080962D8,sub_08096278
src/auto_080962D8.c,src/unnamed/auto_080962D8.c,auto_080962D8,0x080962D8,0x08096308,sub_080962D8
src/sub_08096308.c,src/unnamed/sub_08096308.c,sub_08096308,0x08096308,0x0809669C,sub_08096308
src/auto_0809669C.c,src/unnamed/auto_0809669C.c,auto_0809669C,0x0809669C,0x080966B4,sub_0809669C
src/sub_080966B4.c,src/unnamed/sub_080966B4.c,sub_080966B4,0x080966B4,0x08096774,sub_080966B4
src/sub_08096774.c,src/unnamed/sub_08096774.c,sub_08096774,0x08096774,0x08096DB0,sub_08096774
src/sub_08096DB0.c,src/unnamed/sub_08096DB0.c,sub_08096DB0,0x08096DB0,0x08096F3C,sub_08096DB0
src/sub_08096F3C.c,src/unnamed/sub_08096F3C.c,sub_08096F3C,0x08096F3C,0x08096F50,sub_08096F3C
src/sub_08096F50.c,src/engine/update_key_repeat.c,sub_08096F50,0x08096F50,0x08096FBC,UpdateKeyRepeat
src/sub_08096FBC.c,src/unnamed/sub_08096FBC.c,sub_08096FBC,0x08096FBC,0x0809716C,sub_08096FBC
src/sub_0809716C.c,src/ui/get_window.c,sub_0809716C,0x0809716C,0x080971AC,GetWindow
src/sub_080971AC.c,src/ui/bring_window_to_front.c,sub_080971AC,0x080971AC,0x08097240,BringWindowToFront
src/sub_08097240.c,src/ui/send_window_to_back.c,sub_08097240,0x08097240,0x080972C8,SendWindowToBack
src/auto_080972C8.c,src/ui/request_window_refresh.c,auto_080972C8,0x080972C8,0x080972D4,RequestWindowRefresh
src/sub_080972D4.c,src/ui/refresh_window_tilemaps.c,sub_080972D4,0x080972D4,0x0809795C,RefreshWindowTilemaps
src/sub_0809795C.c,src/ui/reserve_window_tile.c,sub_0809795C,0x0809795C,0x08097980,ReserveWindowTile
src/sub_08097980.c,src/ui/release_window_tile.c,sub_08097980,0x08097980,0x080979A4,ReleaseWindowTile
src/sub_080979A4.c,src/ui/find_free_window_tiles.c,sub_080979A4,0x080979A4,0x08097A2C,FindFreeWindowTiles
src/sub_08097A2C.c,src/unnamed/sub_08097A2C.c,sub_08097A2C,0x08097A2C,0x08097B2C,sub_08097A2C
src/sub_08097B2C.c,src/unnamed/sub_08097B2C.c,sub_08097B2C,0x08097B2C,0x08097BF4,sub_08097B2C
src/sub_08097BF4.c,src/unnamed/sub_08097BF4.c,sub_08097BF4,0x08097BF4,0x08097C24,sub_08097BF4
src/sub_08097C24.c,src/unnamed/sub_08097C24.c,sub_08097C24,0x08097C24,0x08097CEC,sub_08097C24
src/sub_08097CEC.c,src/unnamed/sub_08097CEC.c,sub_08097CEC,0x08097CEC,0x08097D80,sub_08097CEC
src/sub_08097D80.c,src/unnamed/sub_08097D80.c,sub_08097D80,0x08097D80,0x08097DA8,sub_08097D80
src/sub_08097DA8.c,src/unnamed/sub_08097DA8.c,sub_08097DA8,0x08097DA8,0x080981D0,
src/auto_080981D0.c,src/unnamed/auto_080981D0.c,auto_080981D0,0x080981D0,0x080981F0,sub_080981D0
src/sub_080981F0.c,src/unnamed/sub_080981F0.c,sub_080981F0,0x080981F0,0x08098248,sub_080981F0
src/auto_08098248.c,src/unnamed/auto_08098248.c,auto_08098248,0x08098248,0x08098284,sub_08098248
src/sub_08098284.c,src/unnamed/sub_08098284.c,sub_08098284,0x08098284,0x0809844C,sub_08098284
src/sub_0809844C.c,src/unnamed/sub_0809844C.c,sub_0809844C,0x0809844C,0x080984C4,sub_0809844C
src/sub_080984C4.c,src/unnamed/sub_080984C4.c,sub_080984C4,0x080984C4,0x08098514,sub_080984C4
src/sub_08098514.c,src/ui/open_window.c,sub_08098514,0x08098514,0x080986B4,OpenWindow
src/sub_080986B4.c,src/ui/clear_window.c,sub_080986B4,0x080986B4,0x08098754,ClearWindow
src/sub_08098754.c,src/ui/close_window.c,sub_08098754,0x08098754,0x08098804,CloseWindow
src/sub_08098804.c,src/unnamed/sub_08098804.c,sub_08098804,0x08098804,0x08098834,sub_08098804
src/sub_08098834.c,src/unnamed/sub_08098834.c,sub_08098834,0x08098834,0x0809885C,sub_08098834
src/sub_0809885C.c,src/unnamed/sub_0809885C.c,sub_0809885C,0x0809885C,0x080988C8,sub_0809885C
src/sub_080988C8.c,src/unnamed/sub_080988C8.c,sub_080988C8,0x080988C8,0x080989EC,sub_080988C8
src/sub_080989EC.c,src/unnamed/sub_080989EC.c,sub_080989EC,0x080989EC,0x08098B58,sub_080989EC
src/sub_08098B58.c,src/unnamed/sub_08098B58.c,sub_08098B58,0x08098B58,0x08098BB4,sub_08098B58
src/sub_08098BB4.c,src/ui/run_menu_script.c,sub_08098BB4,0x08098BB4,0x08099F5C,RunMenuScript
src/sub_08099F5C.c,src/unnamed/sub_08099F5C.c,sub_08099F5C,0x08099F5C,0x08099F80,
src/sub_08099F80.c,src/unnamed/sub_08099F80.c,sub_08099F80,0x08099F80,0x08099F8C,sub_08099F80
src/sub_08099F8C.c,src/unnamed/sub_08099F8C.c,sub_08099F8C,0x08099F8C,0x08099FCC,sub_08099F8C
src/sub_08099FCC.c,src/unnamed/sub_08099FCC.c,sub_08099FCC,0x08099FCC,0x08099FEC,sub_08099FCC
src/sub_08099FEC.c,src/unnamed/sub_08099FEC.c,sub_08099FEC,0x08099FEC,0x0809A00C,sub_08099FEC
src/sub_0809A00C.c,src/unnamed/sub_0809A00C.c,sub_0809A00C,0x0809A00C,0x0809A048,sub_0809A00C
src/sub_0809A048.c,src/unnamed/sub_0809A048.c,sub_0809A048,0x0809A048,0x0809A0A0,sub_0809A048
src/sub_0809A0A0.c,src/unnamed/sub_0809A0A0.c,sub_0809A0A0,0x0809A0A0,0x0809A0B0,sub_0809A0A0
src/sub_0809A0B0.c,src/game/run_game_state_machine.c,sub_0809A0B0,0x0809A0B0,0x0809A1BC,RunGameStateMachine
src/auto_0809A1BC.c,src/unnamed/auto_0809A1BC.c,auto_0809A1BC,0x0809A1BC,0x0809A1F8,sub_0809A1BC
src/sub_0809A1F8.c,src/unnamed/sub_0809A1F8.c,sub_0809A1F8,0x0809A1F8,0x0809A35C,sub_0809A1F8
src/sub_0809A35C.c,src/unnamed/sub_0809A35C.c,sub_0809A35C,0x0809A35C,0x0809A4CC,sub_0809A35C
src/sub_0809A4CC.c,src/unnamed/sub_0809A4CC.c,sub_0809A4CC,0x0809A4CC,0x0809A52C,sub_0809A4CC
src/sub_0809A52C.c,src/unnamed/sub_0809A52C.c,sub_0809A52C,0x0809A52C,0x0809A5B4,sub_0809A52C
src/sub_0809A5B4.c,src/unnamed/sub_0809A5B4.c,sub_0809A5B4,0x0809A5B4,0x0809A848,sub_0809A5B4
src/sub_0809A848.c,src/unnamed/sub_0809A848.c,sub_0809A848,0x0809A848,0x0809A94C,sub_0809A848
src/sub_0809A94C.c,src/unnamed/sub_0809A94C.c,sub_0809A94C,0x0809A94C,0x0809A9C8,sub_0809A94C
src/sub_0809A9C8.c,src/unnamed/sub_0809A9C8.c,sub_0809A9C8,0x0809A9C8,0x0809AA64,sub_0809A9C8
src/sub_0809AA64.c,src/unnamed/sub_0809AA64.c,sub_0809AA64,0x0809AA64,0x0809AAA8,sub_0809AA64
src/sub_0809AAA8.c,src/unnamed/sub_0809AAA8.c,sub_0809AAA8,0x0809AAA8,0x0809AB44,sub_0809AAA8
src/sub_0809AB44.c,src/unnamed/sub_0809AB44.c,sub_0809AB44,0x0809AB44,0x0809AC30,sub_0809AB44
src/sub_0809AC30.c,src/unnamed/sub_0809AC30.c,sub_0809AC30,0x0809AC30,0x0809AC98,sub_0809AC30
src/sub_0809AC98.c,src/unnamed/sub_0809AC98.c,sub_0809AC98,0x0809AC98,0x0809ACC4,sub_0809AC98
src/sub_0809ACC4.c,src/unnamed/sub_0809ACC4.c,sub_0809ACC4,0x0809ACC4,0x0809AE38,sub_0809ACC4;sub_0809AD2C
src/sub_0809AE38.c,src/unnamed/sub_0809AE38.c,sub_0809AE38,0x0809AE38,0x0809AEA0,sub_0809AE38
src/sub_0809AEA0.c,src/unnamed/sub_0809AEA0.c,sub_0809AEA0,0x0809AEA0,0x0809AEC0,sub_0809AEA0
src/sub_0809AEC0.c,src/unnamed/sub_0809AEC0.c,sub_0809AEC0,0x0809AEC0,0x0809AEF4,sub_0809AEC0
src/sub_0809AEF4.c,src/unnamed/sub_0809AEF4.c,sub_0809AEF4,0x0809AEF4,0x0809B00C,sub_0809AEF4
src/sub_0809B00C.c,src/unnamed/sub_0809B00C.c,sub_0809B00C,0x0809B00C,0x0809B040,sub_0809B00C
src/sub_0809B040.c,src/unnamed/sub_0809B040.c,sub_0809B040,0x0809B040,0x0809B180,sub_0809B040
src/sub_0809B180.c,src/game/modes/run_intro.c,sub_0809B180,0x0809B180,0x0809B46C,RunIntro
src/sub_0809B46C.c,src/unnamed/sub_0809B46C.c,sub_0809B46C,0x0809B46C,0x0809B4FC,sub_0809B46C
src/sub_0809B4FC.c,src/unnamed/sub_0809B4FC.c,sub_0809B4FC,0x0809B4FC,0x0809B51C,sub_0809B4FC
src/sub_0809B51C.c,src/unnamed/sub_0809B51C.c,sub_0809B51C,0x0809B51C,0x0809B6DC,sub_0809B51C
src/sub_0809B6DC.c,src/unnamed/sub_0809B6DC.c,sub_0809B6DC,0x0809B6DC,0x0809B8C4,sub_0809B6DC
src/sub_0809B8C4.c,src/unnamed/sub_0809B8C4.c,sub_0809B8C4,0x0809B8C4,0x0809B970,sub_0809B8C4
src/sub_0809B970.c,src/unnamed/sub_0809B970.c,sub_0809B970,0x0809B970,0x0809B9E4,sub_0809B970
src/sub_0809B9E4.c,src/unnamed/sub_0809B9E4.c,sub_0809B9E4,0x0809B9E4,0x0809BAB0,sub_0809B9E4
src/sub_0809BAB0.c,src/unnamed/sub_0809BAB0.c,sub_0809BAB0,0x0809BAB0,0x0809BB74,sub_0809BAB0
src/sub_0809BB74.c,src/game/modes/run_title_menu.c,sub_0809BB74,0x0809BB74,0x0809C1D4,RunTitleMenu
src/sub_0809C1D4.c,src/game/modes/run_load_game.c,sub_0809C1D4,0x0809C1D4,0x0809C434,RunLoadGame
src/auto_0809C434.c,src/unnamed/auto_0809C434.c,auto_0809C434,0x0809C434,0x0809C45C,sub_0809C434
src/auto_0809C45C.c,src/unnamed/auto_0809C45C.c,auto_0809C45C,0x0809C45C,0x0809C480,sub_0809C45C
src/sub_0809C480.c,src/unnamed/sub_0809C480.c,sub_0809C480,0x0809C480,0x0809C540,sub_0809C480
src/sub_0809C540.c,src/unnamed/sub_0809C540.c,sub_0809C540,0x0809C540,0x0809C5C8,sub_0809C540
src/sub_0809C5C8.c,src/unnamed/sub_0809C5C8.c,sub_0809C5C8,0x0809C5C8,0x0809C7B0,sub_0809C5C8
src/sub_0809C7B0.c,src/unnamed/sub_0809C7B0.c,sub_0809C7B0,0x0809C7B0,0x0809CC94,sub_0809C7B0
src/sub_0809CC94.c,src/unnamed/sub_0809CC94.c,sub_0809CC94,0x0809CC94,0x0809CED8,sub_0809CC94
src/sub_0809CED8.c,src/unnamed/sub_0809CED8.c,sub_0809CED8,0x0809CED8,0x0809D094,sub_0809CED8
src/sub_0809D094.c,src/unnamed/sub_0809D094.c,sub_0809D094,0x0809D094,0x0809D200,sub_0809D094
src/sub_0809D200.c,src/unnamed/sub_0809D200.c,sub_0809D200,0x0809D200,0x0809D288,sub_0809D200
src/sub_0809D288.c,src/game/modes/run_options_menu.c,sub_0809D288,0x0809D288,0x0809D5F4,RunOptionsMenu
src/sub_0809D5F4.c,src/unnamed/sub_0809D5F4.c,sub_0809D5F4,0x0809D5F4,0x0809D700,sub_0809D5F4
src/sub_0809D700.c,src/unnamed/sub_0809D700.c,sub_0809D700,0x0809D700,0x0809D734,sub_0809D700
src/sub_0809D734.c,src/unnamed/sub_0809D734.c,sub_0809D734,0x0809D734,0x0809D938,sub_0809D734
src/sub_0809D938.c,src/unnamed/sub_0809D938.c,sub_0809D938,0x0809D938,0x0809DD80,sub_0809D938
src/sub_0809DD80.c,src/unnamed/sub_0809DD80.c,sub_0809DD80,0x0809DD80,0x0809DFFC,sub_0809DD80
src/sub_0809DFFC.c,src/unnamed/sub_0809DFFC.c,sub_0809DFFC,0x0809DFFC,0x0809E1CC,sub_0809DFFC
src/sub_0809E1CC.c,src/unnamed/sub_0809E1CC.c,sub_0809E1CC,0x0809E1CC,0x0809E204,sub_0809E1CC
src/sub_0809E204.c,src/unnamed/sub_0809E204.c,sub_0809E204,0x0809E204,0x0809E22C,sub_0809E204
src/sub_0809E22C.c,src/unnamed/sub_0809E22C.c,sub_0809E22C,0x0809E22C,0x0809E6E0,sub_0809E22C
src/sub_0809E6E0.c,src/unnamed/sub_0809E6E0.c,sub_0809E6E0,0x0809E6E0,0x0809E72C,sub_0809E6E0
src/sub_0809E72C.c,src/unnamed/sub_0809E72C.c,sub_0809E72C,0x0809E72C,0x0809E8CC,sub_0809E72C
src/sub_0809E8CC.c,src/unnamed/sub_0809E8CC.c,sub_0809E8CC,0x0809E8CC,0x0809EA8C,sub_0809E8CC
src/sub_0809EA8C.c,src/unnamed/sub_0809EA8C.c,sub_0809EA8C,0x0809EA8C,0x0809EAE0,sub_0809EA8C
src/sub_0809EAE0.c,src/unnamed/sub_0809EAE0.c,sub_0809EAE0,0x0809EAE0,0x0809EB24,sub_0809EAE0
src/auto_0809EB24.c,src/unnamed/auto_0809EB24.c,auto_0809EB24,0x0809EB24,0x0809EB38,sub_0809EB24
src/auto_0809EB38.c,src/unnamed/auto_0809EB38.c,auto_0809EB38,0x0809EB38,0x0809EB68,sub_0809EB38
src/sub_0809EB68.c,src/unnamed/sub_0809EB68.c,sub_0809EB68,0x0809EB68,0x0809EC20,sub_0809EB68
src/sub_0809EC20.c,src/game/modes/run_field.c,sub_0809EC20,0x0809EC20,0x0809F770,RunField
src/sub_0809F770.c,src/unnamed/sub_0809F770.c,sub_0809F770,0x0809F770,0x0809F7C8,sub_0809F770
src/sub_0809F7C8.c,src/events/set_event_flag.c,sub_0809F7C8,0x0809F7C8,0x0809F7F0,SetEventFlag
src/sub_0809F7F0.c,src/events/clear_event_flag.c,sub_0809F7F0,0x0809F7F0,0x0809F818,ClearEventFlag
src/sub_0809F818.c,src/events/test_event_flag.c,sub_0809F818,0x0809F818,0x0809F850,TestEventFlag
src/sub_0809F850.c,src/unnamed/sub_0809F850.c,sub_0809F850,0x0809F850,0x0809F8A0,sub_0809F850
src/sub_0809F8A0.c,src/unnamed/sub_0809F8A0.c,sub_0809F8A0,0x0809F8A0,0x0809F94C,sub_0809F8A0
src/sub_0809F94C.c,src/unnamed/sub_0809F94C.c,sub_0809F94C,0x0809F94C,0x0809FA24,sub_0809F94C
src/sub_0809FA24.c,src/unnamed/sub_0809FA24.c,sub_0809FA24,0x0809FA24,0x0809FA9C,sub_0809FA24
src/sub_0809FA9C.c,src/unnamed/sub_0809FA9C.c,sub_0809FA9C,0x0809FA9C,0x0809FB78,sub_0809FA9C
src/sub_0809FB78.c,src/unnamed/sub_0809FB78.c,sub_0809FB78,0x0809FB78,0x0809FBA8,sub_0809FB78
src/sub_0809FBA8.c,src/events/show_event_choices.c,sub_0809FBA8,0x0809FBA8,0x0809FCB0,ShowEventChoices
src/sub_0809FCB0.c,src/events/reset_event_scripts.c,sub_0809FCB0,0x0809FCB0,0x0809FD3C,ResetEventScripts
src/sub_0809FD3C.c,src/events/start_map_event_script.c,sub_0809FD3C,0x0809FD3C,0x0809FD60,StartMapEventScript
src/sub_0809FD60.c,src/events/move_event_camera.c,sub_0809FD60,0x0809FD60,0x0809FF54,MoveEventCamera
src/sub_0809FF54.c,src/events/shake_event_camera.c,sub_0809FF54,0x0809FF54,0x080A0098,ShakeEventCamera
src/sub_080A0098.c,src/unnamed/sub_080A0098.c,sub_080A0098,0x080A0098,0x080A00D4,sub_080A0098
src/sub_080A00D4.c,src/unnamed/sub_080A00D4.c,sub_080A00D4,0x080A00D4,0x080A0114,sub_080A00D4
src/sub_080A0114.c,src/unnamed/sub_080A0114.c,sub_080A0114,0x080A0114,0x080A016C,sub_080A0114
src/sub_080A016C.c,src/events/seek_event_command.c,sub_080A016C,0x080A016C,0x080A02E4,SeekEventCommand
src/sub_080A02E4.c,src/events/commands/event_end.c,sub_080A02E4,0x080A02E4,0x080A0338,EventEnd
src/sub_080A0338.c,src/events/commands/event_enter_field.c,sub_080A0338,0x080A0338,0x080A03A8,EventEnterField
src/sub_080A03A8.c,src/events/commands/event_enter_battle.c,sub_080A03A8,0x080A03A8,0x080A0468,EventEnterBattle
src/sub_080A0468.c,src/events/commands/event_enter_battle_scene.c,sub_080A0468,0x080A0468,0x080A0504,EventEnterBattleScene
src/sub_080A0504.c,src/events/commands/event_start_battle.c,sub_080A0504,0x080A0504,0x080A0590,EventStartBattle
src/sub_080A0590.c,src/events/commands/event_spawn_actor.c,sub_080A0590,0x080A0590,0x080A0664,EventSpawnActor
src/sub_080A0664.c,src/events/commands/event_spawn_actor_relative.c,sub_080A0664,0x080A0664,0x080A0788,EventSpawnActorRelative
src/sub_080A0788.c,src/unnamed/sub_080A0788.c,sub_080A0788,0x080A0788,0x080A08C0,sub_080A0788
src/sub_080A08C0.c,src/events/commands/event_remove_actor.c,sub_080A08C0,0x080A08C0,0x080A08E4,EventRemoveActor
src/sub_080A08E4.c,src/events/commands/event_start_scripts.c,sub_080A08E4,0x080A08E4,0x080A0970,EventStartScripts
src/sub_080A0970.c,src/events/commands/event_jump.c,sub_080A0970,0x080A0970,0x080A098C,EventJump
src/sub_080A098C.c,src/events/commands/event_restart.c,sub_080A098C,0x080A098C,0x080A09C8,EventRestart
src/sub_080A09C8.c,src/unnamed/sub_080A09C8.c,sub_080A09C8,0x080A09C8,0x080A0BA0,sub_080A09C8
src/sub_080A0BA0.c,src/events/commands/event_wait_frames.c,sub_080A0BA0,0x080A0BA0,0x080A0BE8,EventWaitFrames
src/sub_080A0BE8.c,src/events/commands/event_yes_no.c,sub_080A0BE8,0x080A0BE8,0x080A0C70,EventYesNo
src/sub_080A0C70.c,src/events/commands/event_choice.c,sub_080A0C70,0x080A0C70,0x080A0CA0,EventChoice
src/sub_080A0CA0.c,src/events/commands/event_if_interacted_actor.c,sub_080A0CA0,0x080A0CA0,0x080A0D20,EventIfInteractedActor
src/sub_080A0D20.c,src/events/commands/event_if_player_in_rect.c,sub_080A0D20,0x080A0D20,0x080A0DF0,EventIfPlayerInRect
src/sub_080A0DF0.c,src/events/commands/event_if_player_interaction.c,sub_080A0DF0,0x080A0DF0,0x080A0E84,EventIfPlayerInteraction
src/sub_080A0E84.c,src/events/commands/event_if_flag_set.c,sub_080A0E84,0x080A0E84,0x080A0F18,EventIfFlagSet
src/sub_080A0F18.c,src/events/commands/event_if_flag_clear.c,sub_080A0F18,0x080A0F18,0x080A0FAC,EventIfFlagClear
src/sub_080A0FAC.c,src/events/commands/event_if_party_restriction.c,sub_080A0FAC,0x080A0FAC,0x080A0FEC,EventIfPartyRestriction
src/sub_080A0FEC.c,src/unnamed/sub_080A0FEC.c,sub_080A0FEC,0x080A0FEC,0x080A103C,sub_080A0FEC
src/sub_080A103C.c,src/unnamed/sub_080A103C.c,sub_080A103C,0x080A103C,0x080A1344,sub_080A103C;sub_080A10A0
src/sub_080A1344.c,src/unnamed/sub_080A1344.c,sub_080A1344,0x080A1344,0x080A1368,sub_080A1344
src/sub_080A1368.c,src/events/commands/event_set_flag.c,sub_080A1368,0x080A1368,0x080A1440,EventSetFlag
src/sub_080A1440.c,src/events/commands/event_clear_flag.c,sub_080A1440,0x080A1440,0x080A147C,EventClearFlag
src/sub_080A147C.c,src/events/commands/event_show_text.c,sub_080A147C,0x080A147C,0x080A1550,EventShowText
src/sub_080A1550.c,src/unnamed/sub_080A1550.c,sub_080A1550,0x080A1550,0x080A16B4,sub_080A1550
src/sub_080A16B4.c,src/unnamed/sub_080A16B4.c,sub_080A16B4,0x080A16B4,0x080A16E4,sub_080A16B4
src/sub_080A16E4.c,src/unnamed/sub_080A16E4.c,sub_080A16E4,0x080A16E4,0x080A1728,sub_080A16E4
src/sub_080A1728.c,src/unnamed/sub_080A1728.c,sub_080A1728,0x080A1728,0x080A176C,sub_080A1728
src/sub_080A176C.c,src/unnamed/sub_080A176C.c,sub_080A176C,0x080A176C,0x080A17B0,sub_080A176C
src/sub_080A17B0.c,src/unnamed/sub_080A17B0.c,sub_080A17B0,0x080A17B0,0x080A17F4,sub_080A17B0
src/sub_080A17F4.c,src/unnamed/sub_080A17F4.c,sub_080A17F4,0x080A17F4,0x080A1834,sub_080A17F4
src/sub_080A1834.c,src/unnamed/sub_080A1834.c,sub_080A1834,0x080A1834,0x080A1874,sub_080A1834
src/sub_080A1874.c,src/unnamed/sub_080A1874.c,sub_080A1874,0x080A1874,0x080A18B4,sub_080A1874
src/sub_080A18B4.c,src/unnamed/sub_080A18B4.c,sub_080A18B4,0x080A18B4,0x080A18F4,sub_080A18B4
src/sub_080A18F4.c,src/unnamed/sub_080A18F4.c,sub_080A18F4,0x080A18F4,0x080A1934,sub_080A18F4
src/sub_080A1934.c,src/unnamed/sub_080A1934.c,sub_080A1934,0x080A1934,0x080A19F4,sub_080A1934;sub_080A1974;sub_080A19B4
src/sub_080A19F4.c,src/unnamed/sub_080A19F4.c,sub_080A19F4,0x080A19F4,0x080A1AE8,sub_080A19F4
src/sub_080A1AE8.c,src/unnamed/sub_080A1AE8.c,sub_080A1AE8,0x080A1AE8,0x080A1BD8,sub_080A1AE8
src/sub_080A1BD8.c,src/unnamed/sub_080A1BD8.c,sub_080A1BD8,0x080A1BD8,0x080A1C18,sub_080A1BD8
src/sub_080A1C18.c,src/unnamed/sub_080A1C18.c,sub_080A1C18,0x080A1C18,0x080A1C58,sub_080A1C18
src/sub_080A1C58.c,src/unnamed/sub_080A1C58.c,sub_080A1C58,0x080A1C58,0x080A1C98,sub_080A1C58
src/sub_080A1C98.c,src/unnamed/sub_080A1C98.c,sub_080A1C98,0x080A1C98,0x080A1CD8,sub_080A1C98
src/sub_080A1CD8.c,src/unnamed/sub_080A1CD8.c,sub_080A1CD8,0x080A1CD8,0x080A1D3C,sub_080A1CD8
src/sub_080A1D3C.c,src/unnamed/sub_080A1D3C.c,sub_080A1D3C,0x080A1D3C,0x080A1DE4,sub_080A1D3C
src/sub_080A1DE4.c,src/unnamed/sub_080A1DE4.c,sub_080A1DE4,0x080A1DE4,0x080A1EB0,sub_080A1DE4
src/sub_080A1EB0.c,src/unnamed/sub_080A1EB0.c,sub_080A1EB0,0x080A1EB0,0x080A1F68,sub_080A1EB0
src/sub_080A1F68.c,src/unnamed/sub_080A1F68.c,sub_080A1F68,0x080A1F68,0x080A2170,sub_080A1F68
src/sub_080A2170.c,src/events/commands/event_change_map.c,sub_080A2170,0x080A2170,0x080A21F4,EventChangeMap
src/sub_080A21F4.c,src/unnamed/sub_080A21F4.c,sub_080A21F4,0x080A21F4,0x080A2238,sub_080A21F4
src/sub_080A2238.c,src/unnamed/sub_080A2238.c,sub_080A2238,0x080A2238,0x080A226C,sub_080A2238
src/sub_080A226C.c,src/unnamed/sub_080A226C.c,sub_080A226C,0x080A226C,0x080A2330,sub_080A226C
src/sub_080A2330.c,src/events/commands/event_open_item_shop.c,sub_080A2330,0x080A2330,0x080A2384,EventOpenItemShop
src/sub_080A2384.c,src/events/commands/event_open_equipment_shop.c,sub_080A2384,0x080A2384,0x080A242C,EventOpenWeaponShop;EventOpenArmorShop
src/sub_080A23D8.c,src/events/commands/event_open_armor_shop.c,sub_080A23D8,0x080A23D8,0x080A242C,EventOpenArmorShop
src/sub_080A242C.c,src/unnamed/sub_080A242C.c,sub_080A242C,0x080A242C,0x080A2474,sub_080A242C
src/sub_080A2474.c,src/unnamed/sub_080A2474.c,sub_080A2474,0x080A2474,0x080A24A4,sub_080A2474
src/sub_080A24A4.c,src/unnamed/sub_080A24A4.c,sub_080A24A4,0x080A24A4,0x080A24E4,sub_080A24A4
src/sub_080A24E4.c,src/unnamed/sub_080A24E4.c,sub_080A24E4,0x080A24E4,0x080A2510,sub_080A24E4
src/sub_080A2510.c,src/unnamed/sub_080A2510.c,sub_080A2510,0x080A2510,0x080A2540,sub_080A2510
src/sub_080A2540.c,src/unnamed/sub_080A2540.c,sub_080A2540,0x080A2540,0x080A2568,sub_080A2540
src/sub_080A2568.c,src/unnamed/sub_080A2568.c,sub_080A2568,0x080A2568,0x080A26A4,sub_080A2568
src/sub_080A26A4.c,src/unnamed/sub_080A26A4.c,sub_080A26A4,0x080A26A4,0x080A2890,sub_080A26A4
src/sub_080A2890.c,src/unnamed/sub_080A2890.c,sub_080A2890,0x080A2890,0x080A2A58,sub_080A2890
src/sub_080A2A58.c,src/unnamed/sub_080A2A58.c,sub_080A2A58,0x080A2A58,0x080A2BB0,sub_080A2A58
src/sub_080A2BB0.c,src/unnamed/sub_080A2BB0.c,sub_080A2BB0,0x080A2BB0,0x080A2D40,sub_080A2BB0
src/sub_080A2D40.c,src/unnamed/sub_080A2D40.c,sub_080A2D40,0x080A2D40,0x080A2E60,sub_080A2D40
src/sub_080A2E60.c,src/unnamed/sub_080A2E60.c,sub_080A2E60,0x080A2E60,0x080A2EB0,sub_080A2E60
src/sub_080A2EB0.c,src/unnamed/sub_080A2EB0.c,sub_080A2EB0,0x080A2EB0,0x080A2EDC,sub_080A2EB0
src/sub_080A2EDC.c,src/unnamed/sub_080A2EDC.c,sub_080A2EDC,0x080A2EDC,0x080A2F18,sub_080A2EDC
src/sub_080A2F18.c,src/unnamed/sub_080A2F18.c,sub_080A2F18,0x080A2F18,0x080A2F40,sub_080A2F18
src/sub_080A2F40.c,src/unnamed/sub_080A2F40.c,sub_080A2F40,0x080A2F40,0x080A2F68,sub_080A2F40
src/sub_080A2F68.c,src/unnamed/sub_080A2F68.c,sub_080A2F68,0x080A2F68,0x080A321C,sub_080A2F68
src/sub_080A321C.c,src/unnamed/sub_080A321C.c,sub_080A321C,0x080A321C,0x080A3510,sub_080A321C
src/sub_080A3510.c,src/unnamed/sub_080A3510.c,sub_080A3510,0x080A3510,0x080A3640,sub_080A3510
src/sub_080A3640.c,src/unnamed/sub_080A3640.c,sub_080A3640,0x080A3640,0x080A3704,sub_080A3640
src/sub_080A3704.c,src/unnamed/sub_080A3704.c,sub_080A3704,0x080A3704,0x080A37E8,sub_080A3704
src/sub_080A37E8.c,src/unnamed/sub_080A37E8.c,sub_080A37E8,0x080A37E8,0x080A38B0,sub_080A37E8
src/sub_080A38B0.c,src/unnamed/sub_080A38B0.c,sub_080A38B0,0x080A38B0,0x080A3998,sub_080A38B0
src/sub_080A3998.c,src/unnamed/sub_080A3998.c,sub_080A3998,0x080A3998,0x080A39FC,sub_080A3998
src/sub_080A39FC.c,src/unnamed/sub_080A39FC.c,sub_080A39FC,0x080A39FC,0x080A3A20,sub_080A39FC
src/sub_080A3A20.c,src/unnamed/sub_080A3A20.c,sub_080A3A20,0x080A3A20,0x080A3A40,sub_080A3A20
src/sub_080A3A40.c,src/unnamed/sub_080A3A40.c,sub_080A3A40,0x080A3A40,0x080A47D4,sub_080A3A40
src/sub_080A47D4.c,src/unnamed/sub_080A47D4.c,sub_080A47D4,0x080A47D4,0x080A4860,sub_080A47D4
src/sub_080A4860.c,src/unnamed/sub_080A4860.c,sub_080A4860,0x080A4860,0x080A48E0,sub_080A4860
src/sub_080A48E0.c,src/unnamed/sub_080A48E0.c,sub_080A48E0,0x080A48E0,0x080A4904,sub_080A48E0
src/sub_080A4904.c,src/unnamed/sub_080A4904.c,sub_080A4904,0x080A4904,0x080A498C,sub_080A4904;sub_080A4958
src/sub_080A498C.c,src/unnamed/sub_080A498C.c,sub_080A498C,0x080A498C,0x080A49D8,sub_080A498C
src/sub_080A49D8.c,src/unnamed/sub_080A49D8.c,sub_080A49D8,0x080A49D8,0x080A49FC,sub_080A49D8
src/sub_080A49FC.c,src/unnamed/sub_080A49FC.c,sub_080A49FC,0x080A49FC,0x080A4A2C,sub_080A49FC
src/sub_080A4A2C.c,src/unnamed/sub_080A4A2C.c,sub_080A4A2C,0x080A4A2C,0x080A4D8C,sub_080A4A2C
src/sub_080A4D8C.c,src/unnamed/sub_080A4D8C.c,sub_080A4D8C,0x080A4D8C,0x080A5264,sub_080A4D8C
src/sub_080A5264.c,src/unnamed/sub_080A5264.c,sub_080A5264,0x080A5264,0x080A538C,sub_080A5264
src/sub_080A538C.c,src/events/commands/event_return_to_title.c,sub_080A538C,0x080A538C,0x080A53B0,EventReturnToTitle
src/sub_080A53B0.c,src/unnamed/sub_080A53B0.c,sub_080A53B0,0x080A53B0,0x080A53EC,sub_080A53B0
src/sub_080A53EC.c,src/unnamed/sub_080A53EC.c,sub_080A53EC,0x080A53EC,0x080A5F24,sub_080A53EC
src/sub_080A5F24.c,src/unnamed/sub_080A5F24.c,sub_080A5F24,0x080A5F24,0x080A5F88,sub_080A5F24
src/sub_080A5F88.c,src/unnamed/sub_080A5F88.c,sub_080A5F88,0x080A5F88,0x080A5FF4,sub_080A5F88
src/sub_080A5FF4.c,src/unnamed/sub_080A5FF4.c,sub_080A5FF4,0x080A5FF4,0x080A6034,sub_080A5FF4
src/sub_080A6034.c,src/unnamed/sub_080A6034.c,sub_080A6034,0x080A6034,0x080A60D0,sub_080A6034;sub_080A60A8
src/sub_080A60D0.c,src/unnamed/sub_080A60D0.c,sub_080A60D0,0x080A60D0,0x080A60F8,sub_080A60D0
src/sub_080A60F8.c,src/unnamed/sub_080A60F8.c,sub_080A60F8,0x080A60F8,0x080A6120,sub_080A60F8
src/sub_080A6120.c,src/unnamed/sub_080A6120.c,sub_080A6120,0x080A6120,0x080A6148,sub_080A6120
src/sub_080A6148.c,src/unnamed/sub_080A6148.c,sub_080A6148,0x080A6148,0x080A61B0,sub_080A6148
src/sub_080A61B0.c,src/unnamed/sub_080A61B0.c,sub_080A61B0,0x080A61B0,0x080A63DC,sub_080A61B0
src/sub_080A63DC.c,src/unnamed/sub_080A63DC.c,sub_080A63DC,0x080A63DC,0x080A6424,sub_080A63DC
src/sub_080A6424.c,src/unnamed/sub_080A6424.c,sub_080A6424,0x080A6424,0x080A6490,sub_080A6424
src/sub_080A6490.c,src/unnamed/sub_080A6490.c,sub_080A6490,0x080A6490,0x080A64C8,sub_080A6490
src/sub_080A64C8.c,src/unnamed/sub_080A64C8.c,sub_080A64C8,0x080A64C8,0x080A6570,sub_080A64C8
src/sub_080A6570.c,src/unnamed/sub_080A6570.c,sub_080A6570,0x080A6570,0x080A6604,sub_080A6570
src/sub_080A6604.c,src/unnamed/sub_080A6604.c,sub_080A6604,0x080A6604,0x080A664C,sub_080A6604
src/sub_080A664C.c,src/unnamed/sub_080A664C.c,sub_080A664C,0x080A664C,0x080A6688,sub_080A664C
src/sub_080A6688.c,src/unnamed/sub_080A6688.c,sub_080A6688,0x080A6688,0x080A66C8,sub_080A6688
src/sub_080A66C8.c,src/unnamed/sub_080A66C8.c,sub_080A66C8,0x080A66C8,0x080A67CC,sub_080A66C8
src/sub_080A67CC.c,src/events/commands/event_skip_marker.c,sub_080A67CC,0x080A67CC,0x080A67E4,EventSkipMarker
src/sub_080A67E4.c,src/events/run_event_scripts.c,sub_080A67E4,0x080A67E4,0x080A68F0,RunEventScripts
src/sub_080A68F0.c,src/game/modes/run_clear_data_save.c,sub_080A68F0,0x080A68F0,0x080A6AE4,RunClearDataSave
src/sub_080A6AE4.c,src/unnamed/sub_080A6AE4.c,sub_080A6AE4,0x080A6AE4,0x080A6C40,sub_080A6AE4
src/sub_080A6C40.c,src/unnamed/sub_080A6C40.c,sub_080A6C40,0x080A6C40,0x080A6DB0,sub_080A6C40
src/sub_080A6DB0.c,src/unnamed/sub_080A6DB0.c,sub_080A6DB0,0x080A6DB0,0x080A6E14,sub_080A6DB0
src/sub_080A6E14.c,src/unnamed/sub_080A6E14.c,sub_080A6E14,0x080A6E14,0x080A6ED0,sub_080A6E14
src/sub_080A6ED0.c,src/unnamed/sub_080A6ED0.c,sub_080A6ED0,0x080A6ED0,0x080A71E0,sub_080A6ED0
src/sub_080A71E0.c,src/unnamed/sub_080A71E0.c,sub_080A71E0,0x080A71E0,0x080A7860,sub_080A71E0
src/sub_080A7860.c,src/unnamed/sub_080A7860.c,sub_080A7860,0x080A7860,0x080A7914,sub_080A7860
src/wave_scroll_callback.s,src/graphics/wave_scroll_callback.s,wave_scroll_callback,0x080A7914,0x080A7968,wave_scroll_callback
src/sub_080A7968.c,src/unnamed/sub_080A7968.c,sub_080A7968,0x080A7968,0x080A7A98,sub_080A7968
src/sub_080A7A98.c,src/unnamed/sub_080A7A98.c,sub_080A7A98,0x080A7A98,0x080A7D28,sub_080A7A98
src/sub_080A7D28.c,src/unnamed/sub_080A7D28.c,sub_080A7D28,0x080A7D28,0x080A829C,sub_080A7D28
src/sub_080A829C.c,src/unnamed/sub_080A829C.c,sub_080A829C,0x080A829C,0x080A83C8,sub_080A829C
src/sub_080A83C8.c,src/unnamed/sub_080A83C8.c,sub_080A83C8,0x080A83C8,0x080A876C,sub_080A83C8
src/sub_080A876C.c,src/unnamed/sub_080A876C.c,sub_080A876C,0x080A876C,0x080A8800,sub_080A876C
src/sub_080A8800.c,src/unnamed/sub_080A8800.c,sub_080A8800,0x080A8800,0x080A8ED4,sub_080A8800
src/sub_080A8ED4.c,src/unnamed/sub_080A8ED4.c,sub_080A8ED4,0x080A8ED4,0x080A8FAC,sub_080A8ED4
src/sub_080A8FAC.c,src/unnamed/sub_080A8FAC.c,sub_080A8FAC,0x080A8FAC,0x080A90DC,sub_080A8FAC
src/sub_080A90DC.c,src/unnamed/sub_080A90DC.c,sub_080A90DC,0x080A90DC,0x080A9344,sub_080A90DC
src/sub_080A9344.c,src/unnamed/sub_080A9344.c,sub_080A9344,0x080A9344,0x080A9888,sub_080A9344
src/sub_080A9888.c,src/unnamed/sub_080A9888.c,sub_080A9888,0x080A9888,0x080A98C4,sub_080A9888
src/sub_080A98C4.c,src/unnamed/sub_080A98C4.c,sub_080A98C4,0x080A98C4,0x080A9A54,sub_080A98C4
src/sub_080A9A54.c,src/unnamed/sub_080A9A54.c,sub_080A9A54,0x080A9A54,0x080A9AFC,sub_080A9A54
src/sub_080A9AFC.c,src/unnamed/sub_080A9AFC.c,sub_080A9AFC,0x080A9AFC,0x080A9D78,sub_080A9AFC
src/sub_080A9D78.c,src/unnamed/sub_080A9D78.c,sub_080A9D78,0x080A9D78,0x080A9EBC,
src/auto_080A9EBC.c,src/unnamed/auto_080A9EBC.c,auto_080A9EBC,0x080A9EBC,0x080A9EF0,sub_080A9EBC
src/sub_080A9EF0.c,src/unnamed/sub_080A9EF0.c,sub_080A9EF0,0x080A9EF0,0x080A9F40,sub_080A9EF0
src/sub_080A9F40.c,src/unnamed/sub_080A9F40.c,sub_080A9F40,0x080A9F40,0x080A9F8C,sub_080A9F40
src/sub_080A9F8C.c,src/unnamed/sub_080A9F8C.c,sub_080A9F8C,0x080A9F8C,0x080AA0B8,sub_080A9F8C
src/sub_080AA0B8.c,src/unnamed/sub_080AA0B8.c,sub_080AA0B8,0x080AA0B8,0x080AA1E4,sub_080AA0B8
src/sub_080AA1E4.c,src/unnamed/sub_080AA1E4.c,sub_080AA1E4,0x080AA1E4,0x080AA4E0,sub_080AA1E4
src/sub_080AA4E0.c,src/unnamed/sub_080AA4E0.c,sub_080AA4E0,0x080AA4E0,0x080AA550,sub_080AA4E0
src/sub_080AA550.c,src/unnamed/sub_080AA550.c,sub_080AA550,0x080AA550,0x080AA59C,sub_080AA550
src/sub_080AA59C.c,src/unnamed/sub_080AA59C.c,sub_080AA59C,0x080AA59C,0x080AA5C0,sub_080AA59C
src/sub_080AA5C0.c,src/unnamed/sub_080AA5C0.c,sub_080AA5C0,0x080AA5C0,0x080AABCC,sub_080AA5C0
src/sub_080AABCC.c,src/unnamed/sub_080AABCC.c,sub_080AABCC,0x080AABCC,0x080AAD34,sub_080AABCC
src/sub_080AAD34.c,src/unnamed/sub_080AAD34.c,sub_080AAD34,0x080AAD34,0x080AAE60,sub_080AAD34
src/auto_080AAE60.c,src/unnamed/auto_080AAE60.c,auto_080AAE60,0x080AAE60,0x080AAE80,sub_080AAE60
src/sub_080AAE80.c,src/unnamed/sub_080AAE80.c,sub_080AAE80,0x080AAE80,0x080AAF80,sub_080AAE80
src/sub_080AAF80.c,src/unnamed/sub_080AAF80.c,sub_080AAF80,0x080AAF80,0x080AB06C,sub_080AAF80
src/sub_080AB06C.c,src/unnamed/sub_080AB06C.c,sub_080AB06C,0x080AB06C,0x080AB18C,sub_080AB06C
src/sub_080AB18C.c,src/unnamed/sub_080AB18C.c,sub_080AB18C,0x080AB18C,0x080AB224,sub_080AB18C
src/sub_080AB224.c,src/unnamed/sub_080AB224.c,sub_080AB224,0x080AB224,0x080AB268,sub_080AB224
src/sub_080AB268.c,src/unnamed/sub_080AB268.c,sub_080AB268,0x080AB268,0x080AB2EC,sub_080AB268
src/sub_080AB2EC.c,src/unnamed/sub_080AB2EC.c,sub_080AB2EC,0x080AB2EC,0x080ABE3C,sub_080AB2EC
src/auto_080ABE3C.c,src/unnamed/auto_080ABE3C.c,auto_080ABE3C,0x080ABE3C,0x080ABE70,sub_080ABE3C
src/sub_080ABE70.c,src/unnamed/sub_080ABE70.c,sub_080ABE70,0x080ABE70,0x080ABFCC,sub_080ABE70
src/sub_080ABFCC.c,src/unnamed/sub_080ABFCC.c,sub_080ABFCC,0x080ABFCC,0x080AC098,sub_080ABFCC
src/auto_080AC098.c,src/unnamed/auto_080AC098.c,auto_080AC098,0x080AC098,0x080AC0C8,sub_080AC098
src/sub_080AC0C8.c,src/unnamed/sub_080AC0C8.c,sub_080AC0C8,0x080AC0C8,0x080AC214,sub_080AC0C8
src/sub_080AC214.c,src/unnamed/sub_080AC214.c,sub_080AC214,0x080AC214,0x080AC3B8,sub_080AC214
src/sub_080AC3B8.c,src/unnamed/sub_080AC3B8.c,sub_080AC3B8,0x080AC3B8,0x080AC468,sub_080AC3B8
src/sub_080AC468.c,src/unnamed/sub_080AC468.c,sub_080AC468,0x080AC468,0x080AC6B8,sub_080AC468
src/sub_080AC6B8.c,src/unnamed/sub_080AC6B8.c,sub_080AC6B8,0x080AC6B8,0x080AC6FC,sub_080AC6B8
src/sub_080AC6FC.c,src/unnamed/sub_080AC6FC.c,sub_080AC6FC,0x080AC6FC,0x080AC7BC,sub_080AC6FC
src/sub_080AC7BC.c,src/unnamed/sub_080AC7BC.c,sub_080AC7BC,0x080AC7BC,0x080AC87C,sub_080AC7BC
src/sub_080AC87C.c,src/unnamed/sub_080AC87C.c,sub_080AC87C,0x080AC87C,0x080ACA8C,sub_080AC87C
src/sub_080ACA8C.c,src/unnamed/sub_080ACA8C.c,sub_080ACA8C,0x080ACA8C,0x080ACB5C,sub_080ACA8C
src/sub_080ACB5C.c,src/unnamed/sub_080ACB5C.c,sub_080ACB5C,0x080ACB5C,0x080ACBA0,sub_080ACB5C
src/sub_080ACBA0.c,src/unnamed/sub_080ACBA0.c,sub_080ACBA0,0x080ACBA0,0x080ACBDC,sub_080ACBA0
src/sub_080ACBDC.c,src/unnamed/sub_080ACBDC.c,sub_080ACBDC,0x080ACBDC,0x080ACCC4,sub_080ACBDC
src/sub_080ACCC4.c,src/unnamed/sub_080ACCC4.c,sub_080ACCC4,0x080ACCC4,0x080ACDA8,sub_080ACCC4
src/sub_080ACDA8.c,src/unnamed/sub_080ACDA8.c,sub_080ACDA8,0x080ACDA8,0x080ADBF8,sub_080ACDA8
src/sub_080ACDA8_case11_exact.inc,src/unnamed/sub_080ACDA8_case11_exact.inc,sub_080ACDA8,0x080ACDA8,0x080ADBF8,
src/sub_080ACDA8_fix_case13.inc,src/unnamed/sub_080ACDA8_fix_case13.inc,sub_080ACDA8,0x080ACDA8,0x080ADBF8,
src/sub_080ACDA8_fix_case14.inc,src/unnamed/sub_080ACDA8_fix_case14.inc,sub_080ACDA8,0x080ACDA8,0x080ADBF8,
src/sub_080ACDA8_fix_case6_row.inc,src/unnamed/sub_080ACDA8_fix_case6_row.inc,sub_080ACDA8,0x080ACDA8,0x080ADBF8,
src/sub_080ADBF8.c,src/unnamed/sub_080ADBF8.c,sub_080ADBF8,0x080ADBF8,0x080ADD38,sub_080ADBF8
src/sub_080ADD38.c,src/unnamed/sub_080ADD38.c,sub_080ADD38,0x080ADD38,0x080AF924,inline_fn2;inline_fn234;inline_fn23456789101112131415;inline_fn2345678910111213141516;inline_fn234567891011121314151617;sub_080ADD38
src/sub_080AF924.c,src/unnamed/sub_080AF924.c,sub_080AF924,0x080AF924,0x080B0354,sub_080AF924
src/sub_080B0354.c,src/unnamed/sub_080B0354.c,sub_080B0354,0x080B0354,0x080B0980,sub_080B0354
src/sub_080B0980.c,src/unnamed/sub_080B0980.c,sub_080B0980,0x080B0980,0x080B0D38,sub_080B0980
src/sub_080B0D38.c,src/unnamed/sub_080B0D38.c,sub_080B0D38,0x080B0D38,0x080B2108,sub_080B0D38
src/sub_080B2108.c,src/unnamed/sub_080B2108.c,sub_080B2108,0x080B2108,0x080B2EF0,sub_080B2108
src/sub_080B2EF0.c,src/unnamed/sub_080B2EF0.c,sub_080B2EF0,0x080B2EF0,0x080B339C,sub_080B2EF0
src/sub_080B339C.c,src/unnamed/sub_080B339C.c,sub_080B339C,0x080B339C,0x080B3410,sub_080B339C
src/sub_080B3410.c,src/unnamed/sub_080B3410.c,sub_080B3410,0x080B3410,0x080B35D4,sub_080B3410
src/sub_080B35D4.c,src/unnamed/sub_080B35D4.c,sub_080B35D4,0x080B35D4,0x080B43B2,sub_080B35D4
src/sub_080B35D4_fix_block117_to_coord.inc,src/unnamed/sub_080B35D4_fix_block117_to_coord.inc,sub_080B35D4,0x080B35D4,0x080B43B2,
src/sub_080B35D4_fix_block121_tail.inc,src/unnamed/sub_080B35D4_fix_block121_tail.inc,sub_080B35D4,0x080B35D4,0x080B43B2,
src/sub_080B35D4_fix_block124_loop.inc,src/unnamed/sub_080B35D4_fix_block124_loop.inc,sub_080B35D4,0x080B35D4,0x080B43B2,
src/sub_080B35D4_fix_block131_scan.inc,src/unnamed/sub_080B35D4_fix_block131_scan.inc,sub_080B35D4,0x080B35D4,0x080B43B2,
src/sub_080B35D4_fix_block140_loop.inc,src/unnamed/sub_080B35D4_fix_block140_loop.inc,sub_080B35D4,0x080B35D4,0x080B43B2,
src/sub_080B35D4_fix_block167_index.inc,src/unnamed/sub_080B35D4_fix_block167_index.inc,sub_080B35D4,0x080B35D4,0x080B43B2,
src/sub_080B35D4_fix_block171_scan.inc,src/unnamed/sub_080B35D4_fix_block171_scan.inc,sub_080B35D4,0x080B35D4,0x080B43B2,
src/sub_080B35D4_fix_block176_to177.inc,src/unnamed/sub_080B35D4_fix_block176_to177.inc,sub_080B35D4,0x080B35D4,0x080B43B2,
src/sub_080B35D4_fix_block181_guard.inc,src/unnamed/sub_080B35D4_fix_block181_guard.inc,sub_080B35D4,0x080B35D4,0x080B43B2,
src/sub_080B35D4_fix_block185_tail.inc,src/unnamed/sub_080B35D4_fix_block185_tail.inc,sub_080B35D4,0x080B35D4,0x080B43B2,
src/sub_080B35D4_fix_block21_kind.inc,src/unnamed/sub_080B35D4_fix_block21_kind.inc,sub_080B35D4,0x080B35D4,0x080B43B2,
src/sub_080B35D4_fix_block35_store.inc,src/unnamed/sub_080B35D4_fix_block35_store.inc,sub_080B35D4,0x080B35D4,0x080B43B2,
src/sub_080B35D4_fix_block38b_offsets.inc,src/unnamed/sub_080B35D4_fix_block38b_offsets.inc,sub_080B35D4,0x080B35D4,0x080B43B2,
src/sub_080B35D4_fix_block41_head.inc,src/unnamed/sub_080B35D4_fix_block41_head.inc,sub_080B35D4,0x080B35D4,0x080B43B2,
src/sub_080B35D4_fix_block44_sp24.inc,src/unnamed/sub_080B35D4_fix_block44_sp24.inc,sub_080B35D4,0x080B35D4,0x080B43B2,
src/sub_080B35D4_fix_block44_sp28.inc,src/unnamed/sub_080B35D4_fix_block44_sp28.inc,sub_080B35D4,0x080B35D4,0x080B43B2,
src/sub_080B35D4_fix_block46_call.inc,src/unnamed/sub_080B35D4_fix_block46_call.inc,sub_080B35D4,0x080B35D4,0x080B43B2,
src/sub_080B35D4_fix_block46_guard.inc,src/unnamed/sub_080B35D4_fix_block46_guard.inc,sub_080B35D4,0x080B35D4,0x080B43B2,
src/sub_080B35D4_fix_block64_loop.inc,src/unnamed/sub_080B35D4_fix_block64_loop.inc,sub_080B35D4,0x080B35D4,0x080B43B2,
src/sub_080B35D4_fix_block69_guard.inc,src/unnamed/sub_080B35D4_fix_block69_guard.inc,sub_080B35D4,0x080B35D4,0x080B43B2,
src/sub_080B35D4_fix_block69_prev_state.inc,src/unnamed/sub_080B35D4_fix_block69_prev_state.inc,sub_080B35D4,0x080B35D4,0x080B43B2,
src/sub_080B35D4_fix_block73_state.inc,src/unnamed/sub_080B35D4_fix_block73_state.inc,sub_080B35D4,0x080B35D4,0x080B43B2,
src/sub_080B35D4_fix_block81_guard.inc,src/unnamed/sub_080B35D4_fix_block81_guard.inc,sub_080B35D4,0x080B35D4,0x080B43B2,
src/sub_080B35D4_fix_block92_mask.inc,src/unnamed/sub_080B35D4_fix_block92_mask.inc,sub_080B35D4,0x080B35D4,0x080B43B2,
src/sub_080B35D4_fix_loop3_coords.inc,src/unnamed/sub_080B35D4_fix_loop3_coords.inc,sub_080B35D4,0x080B35D4,0x080B43B2,
src/sub_080B35D4_fix_loop3_dma.inc,src/unnamed/sub_080B35D4_fix_loop3_dma.inc,sub_080B35D4,0x080B35D4,0x080B43B2,
src/sub_080B35D4_fix_nav_indices.inc,src/unnamed/sub_080B35D4_fix_nav_indices.inc,sub_080B35D4,0x080B35D4,0x080B43B2,
src/sub_080B43B4.c,src/unnamed/sub_080B43B4.c,sub_080B43B4,0x080B43B4,0x080B44A0,sub_080B43B4
src/sub_080B44A0.c,src/unnamed/sub_080B44A0.c,sub_080B44A0,0x080B44A0,0x080B460C,sub_080B44A0
src/sub_080B460C.c,src/unnamed/sub_080B460C.c,sub_080B460C,0x080B460C,0x080B4684,sub_080B460C
src/sub_080B4684.c,src/unnamed/sub_080B4684.c,sub_080B4684,0x080B4684,0x080B484C,sub_080B4684
src/sub_080B484C.c,src/unnamed/sub_080B484C.c,sub_080B484C,0x080B484C,0x080B56CC,sub_080B484C
src/sub_080B484C_fix_block123_tail.inc,src/unnamed/sub_080B484C_fix_block123_tail.inc,sub_080B484C,0x080B484C,0x080B56CC,
src/sub_080B484C_fix_block124_state.inc,src/unnamed/sub_080B484C_fix_block124_state.inc,sub_080B484C,0x080B484C,0x080B56CC,
src/sub_080B484C_fix_block142_slot.inc,src/unnamed/sub_080B484C_fix_block142_slot.inc,sub_080B484C,0x080B484C,0x080B56CC,
src/sub_080B484C_fix_block15_state2.inc,src/unnamed/sub_080B484C_fix_block15_state2.inc,sub_080B484C,0x080B484C,0x080B56CC,
src/sub_080B484C_fix_block50_result.inc,src/unnamed/sub_080B484C_fix_block50_result.inc,sub_080B484C,0x080B484C,0x080B56CC,
src/sub_080B484C_fix_block69_state.inc,src/unnamed/sub_080B484C_fix_block69_state.inc,sub_080B484C,0x080B484C,0x080B56CC,
src/sub_080B484C_fix_block81_pool.inc,src/unnamed/sub_080B484C_fix_block81_pool.inc,sub_080B484C,0x080B484C,0x080B56CC,
src/sub_080B484C_fix_loop6_dma.inc,src/unnamed/sub_080B484C_fix_loop6_dma.inc,sub_080B484C,0x080B484C,0x080B56CC,
src/auto_080B56CC.c,src/unnamed/auto_080B56CC.c,auto_080B56CC,0x080B56CC,0x080B571C,sub_080B56CC
src/sub_080B571C.c,src/game/modes/run_pause_menu.c,sub_080B571C,0x080B571C,0x080B5EA8,RunPauseMenu
src/sub_080B5EA8.c,src/game/modes/run_town_map.c,sub_080B5EA8,0x080B5EA8,0x080B6160,RunTownMap
src/sub_080B6160.c,src/unnamed/sub_080B6160.c,sub_080B6160,0x080B6160,0x080B61C8,sub_080B6160
src/sub_080B61C8.c,src/unnamed/sub_080B61C8.c,sub_080B61C8,0x080B61C8,0x080B63C4,sub_080B61C8
src/sub_080B63C4.c,src/unnamed/sub_080B63C4.c,sub_080B63C4,0x080B63C4,0x080B654C,sub_080B63C4
src/sub_080B654C.c,src/unnamed/sub_080B654C.c,sub_080B654C,0x080B654C,0x080B65A4,sub_080B654C
src/sub_080B65A4.c,src/unnamed/sub_080B65A4.c,sub_080B65A4,0x080B65A4,0x080B65E4,sub_080B65A4
src/sub_080B65E4.c,src/unnamed/sub_080B65E4.c,sub_080B65E4,0x080B65E4,0x080B6728,sub_080B65E4
src/auto_080B6728.c,src/unnamed/auto_080B6728.c,auto_080B6728,0x080B6728,0x080B6768,sub_080B6728
src/sub_080B6768.c,src/unnamed/sub_080B6768.c,sub_080B6768,0x080B6768,0x080B67B8,sub_080B6768
src/sub_080B67B8.c,src/unnamed/sub_080B67B8.c,sub_080B67B8,0x080B67B8,0x080B6810,sub_080B67B8
src/sub_080B6810.c,src/unnamed/sub_080B6810.c,sub_080B6810,0x080B6810,0x080B684C,sub_080B6810
src/sub_080B684C.c,src/unnamed/sub_080B684C.c,sub_080B684C,0x080B684C,0x080B68F8,sub_080B684C
src/sub_080B68F8.c,src/game/modes/run_item_shop.c,sub_080B68F8,0x080B68F8,0x080B7210,RunItemShop
src/sub_080B7210.c,src/unnamed/sub_080B7210.c,sub_080B7210,0x080B7210,0x080B7390,sub_080B7210
src/sub_080B7390.c,src/game/modes/run_equipment_shop.c,sub_080B7390,0x080B7390,0x080B7DC0,RunEquipmentShop
src/sub_080B7DC0.c,src/unnamed/sub_080B7DC0.c,sub_080B7DC0,0x080B7DC0,0x080B80CC,sub_080B7DC0
src/sub_080B80CC.c,src/unnamed/sub_080B80CC.c,sub_080B80CC,0x080B80CC,0x080B8280,sub_080B80CC
src/sub_080B8280.c,src/unnamed/sub_080B8280.c,sub_080B8280,0x080B8280,0x080B89C8,sub_080B8280
src/sub_080B89C8.c,src/unnamed/sub_080B89C8.c,sub_080B89C8,0x080B89C8,0x080B8F44,sub_080B89C8
src/sub_080B8F44.c,src/unnamed/sub_080B8F44.c,sub_080B8F44,0x080B8F44,0x080B9080,sub_080B8F44;sub_080B8FF8
src/sub_080B9080.c,src/unnamed/sub_080B9080.c,sub_080B9080,0x080B9080,0x080B9174,sub_080B9080
src/sub_080B9174.c,src/unnamed/sub_080B9174.c,sub_080B9174,0x080B9174,0x080B9ED0,sub_080B9174
src/sub_080B9174_fix.inc,src/unnamed/sub_080B9174_fix.inc,sub_080B9174,0x080B9174,0x080B9ED0,
src/sub_080B9D12.c,src/unnamed/sub_080B9D12.c,sub_080B9D12,0x080B9D12,0x080B9D1C,sub_080B9D12
src/sub_080B9ED0.c,src/unnamed/sub_080B9ED0.c,sub_080B9ED0,0x080B9ED0,0x080BA540,sub_080B9ED0
src/sub_080BA540.c,src/unnamed/sub_080BA540.c,sub_080BA540,0x080BA540,0x080BA588,sub_080BA540
src/sub_080BA588.c,src/game/modes/run_zoids_lab.c,sub_080BA588,0x080BA588,0x080BA86C,RunZoidsLab
src/sub_080BA878.c,src/unnamed/sub_080BA878.c,sub_080BA878,0x080BA878,0x080BA8C0,sub_080BA878
src/sub_080BA8C0.c,src/unnamed/sub_080BA8C0.c,sub_080BA8C0,0x080BA8C0,0x080BA94C,sub_080BA8C0
src/sub_080BA94C.c,src/unnamed/sub_080BA94C.c,sub_080BA94C,0x080BA94C,0x080BAA40,sub_080BA94C
src/sub_080BAA40.c,src/unnamed/sub_080BAA40.c,sub_080BAA40,0x080BAA40,0x080BAB3C,sub_080BAA40
src/sub_080BAB3C.c,src/unnamed/sub_080BAB3C.c,sub_080BAB3C,0x080BAB3C,0x080BAC54,sub_080BAB3C
src/sub_080BAC54.c,src/unnamed/sub_080BAC54.c,sub_080BAC54,0x080BAC54,0x080BADD4,sub_080BAC54
src/sub_080BADD4.c,src/unnamed/sub_080BADD4.c,sub_080BADD4,0x080BADD4,0x080BAE18,sub_080BADD4
src/sub_080BAE18.c,src/unnamed/sub_080BAE18.c,sub_080BAE18,0x080BAE18,0x080BAE60,sub_080BAE18
src/sub_080BAE60.c,src/unnamed/sub_080BAE60.c,sub_080BAE60,0x080BAE60,0x080BAEAC,sub_080BAE60
src/sub_080BAEAC.c,src/unnamed/sub_080BAEAC.c,sub_080BAEAC,0x080BAEAC,0x080BAEEC,sub_080BAEAC
src/sub_080BAEEC.c,src/unnamed/sub_080BAEEC.c,sub_080BAEEC,0x080BAEEC,0x080BAF2C,sub_080BAEEC
src/sub_080BAF2C.c,src/unnamed/sub_080BAF2C.c,sub_080BAF2C,0x080BAF2C,0x080BB05C,sub_080BAF2C
src/sub_080BB05C.c,src/unnamed/sub_080BB05C.c,sub_080BB05C,0x080BB05C,0x080BB0B0,sub_080BB05C
src/sub_080BB0B0.c,src/unnamed/sub_080BB0B0.c,sub_080BB0B0,0x080BB0B0,0x080BB224,sub_080BB0B0
src/sub_080BB224.c,src/unnamed/sub_080BB224.c,sub_080BB224,0x080BB224,0x080BB424,sub_080BB224
src/sub_080BB424.c,src/unnamed/sub_080BB424.c,sub_080BB424,0x080BB424,0x080BB474,sub_080BB424
src/sub_080BB474.c,src/unnamed/sub_080BB474.c,sub_080BB474,0x080BB474,0x080BB654,sub_080BB474
src/auto_080BB654.c,src/unnamed/auto_080BB654.c,auto_080BB654,0x080BB654,0x080BB660,sub_080BB654
src/sub_080BB660.c,src/unnamed/sub_080BB660.c,sub_080BB660,0x080BB660,0x080BB764,sub_080BB660
src/sub_080BB764.c,src/unnamed/sub_080BB764.c,sub_080BB764,0x080BB764,0x080BB7EC,sub_080BB764
src/sub_080BB7EC.c,src/unnamed/sub_080BB7EC.c,sub_080BB7EC,0x080BB7EC,0x080BB8EC,sub_080BB7EC
src/sub_080BB8EC.c,src/unnamed/sub_080BB8EC.c,sub_080BB8EC,0x080BB8EC,0x080BB940,sub_080BB8EC
src/sub_080BB940.c,src/unnamed/sub_080BB940.c,sub_080BB940,0x080BB940,0x080BBA04,sub_080BB940
src/sub_080BBA04.c,src/game/modes/run_battle.c,sub_080BBA04,0x080BBA04,0x080BE488,RunBattle
src/sub_080BD9E0.c,src/unnamed/sub_080BD9E0.c,sub_080BD9E0,0x080BD9E0,0x080BD9E8,sub_080BD9E0
src/sub_080BDDE0.c,src/unnamed/sub_080BDDE0.c,sub_080BDDE0,0x080BDDE0,0x080BDDEC,sub_080BDDE0
src/sub_080BE334.c,src/unnamed/sub_080BE334.c,sub_080BE334,0x080BE334,0x080BE33C,sub_080BE334
src/sub_080BE3A8.c,src/unnamed/sub_080BE3A8.c,sub_080BE3A8,0x080BE3A8,0x080BE3AE,sub_080BE3A8
src/sub_080BE488.c,src/unnamed/sub_080BE488.c,sub_080BE488,0x080BE488,0x080BE560,sub_080BE488
src/sub_080BE560.c,src/unnamed/sub_080BE560.c,sub_080BE560,0x080BE560,0x080BE600,sub_080BE560;sub_080BE5A8
src/sub_080BE600.c,src/unnamed/sub_080BE600.c,sub_080BE600,0x080BE600,0x080BE65C,sub_080BE600
src/sub_080BE65C.c,src/battle/add_battle_effect.c,sub_080BE65C,0x080BE65C,0x080BE9D8,AddBattleEffect
src/sub_080BE9D8.c,src/battle/queue_battle_effect_display.c,sub_080BE9D8,0x080BE9D8,0x080BEE04,QueueBattleEffectDisplay
src/sub_080BEE04.c,src/battle/apply_battle_equipment_effects.c,sub_080BEE04,0x080BEE04,0x080BF464,ApplyBattleEquipmentEffects
src/sub_080BF464.c,src/battle/find_battle_effect.c,sub_080BF464,0x080BF464,0x080BF4C0,FindBattleEffect
src/sub_080BF4C0.c,src/battle/apply_battle_recovery_effect.c,sub_080BF4C0,0x080BF4C0,0x080BF514,ApplyBattleRecoveryEffect
src/sub_080BF514.c,src/battle/remove_battle_effect.c,sub_080BF514,0x080BF514,0x080BF804,RemoveBattleEffect
src/sub_080BF804.c,src/unnamed/sub_080BF804.c,sub_080BF804,0x080BF804,0x080BF858,sub_080BF804
src/sub_080BF858.c,src/battle/update_battle_round_effects.c,sub_080BF858,0x080BF858,0x080BF984,UpdateBattleRoundEffects
src/sub_080BF984.c,src/battle/update_battle_unit_turn_effects.c,sub_080BF984,0x080BF984,0x080BFA4C,UpdateBattleUnitTurnEffects
src/sub_080BFA4C.c,src/battle/remove_battle_attack_effects.c,sub_080BFA4C,0x080BFA4C,0x080BFAD0,RemoveBattleAttackEffects
src/sub_080BFAD0.c,src/battle/remove_battle_action_effects.c,sub_080BFAD0,0x080BFAD0,0x080BFB90,RemoveBattleActionEffects
src/sub_080BFB90.c,src/unnamed/sub_080BFB90.c,sub_080BFB90,0x080BFB90,0x080BFCD8,sub_080BFB90
src/sub_080BFCD8.c,src/battle/swap_battle_effect_mask_sides.c,sub_080BFCD8,0x080BFCD8,0x080BFD1C,SwapBattleEffectMaskSides
src/auto_080BFD1C.c,src/unnamed/auto_080BFD1C.c,auto_080BFD1C,0x080BFD1C,0x080BFD20,sub_080BFD1C
src/sub_080BFD20.c,src/battle/apply_battle_stat_effects.c,sub_080BFD20,0x080BFD20,0x080BFE30,ApplyBattleStatEffects
src/sub_080BFE30.c,src/battle/apply_battle_derived_stat_effects.c,sub_080BFE30,0x080BFE30,0x080BFEA4,ApplyBattleDerivedStatEffects
src/sub_080BFEA4.c,src/unnamed/sub_080BFEA4.c,sub_080BFEA4,0x080BFEA4,0x080C007C,sub_080BFEA4
src/sub_080C007C.c,src/unnamed/sub_080C007C.c,sub_080C007C,0x080C007C,0x080C00B0,sub_080C007C
src/sub_080C00B0.c,src/unnamed/sub_080C00B0.c,sub_080C00B0,0x080C00B0,0x080C02B4,sub_080C00B0
src/sub_080C02B4.c,src/unnamed/sub_080C02B4.c,sub_080C02B4,0x080C02B4,0x080C030C,sub_080C02B4
src/sub_080C030C.c,src/unnamed/sub_080C030C.c,sub_080C030C,0x080C030C,0x080C04DC,sub_080C030C
src/sub_080C04DC.c,src/unnamed/sub_080C04DC.c,sub_080C04DC,0x080C04DC,0x080C052C,sub_080C04DC
src/sub_080C052C.c,src/unnamed/sub_080C052C.c,sub_080C052C,0x080C052C,0x080C05A8,sub_080C052C
src/sub_080C05A8.c,src/unnamed/sub_080C05A8.c,sub_080C05A8,0x080C05A8,0x080C0930,sub_080C05A8
src/sub_080C0930.c,src/unnamed/sub_080C0930.c,sub_080C0930,0x080C0930,0x080C098C,sub_080C0930
src/sub_080C098C.c,src/unnamed/sub_080C098C.c,sub_080C098C,0x080C098C,0x080C0A9C,sub_080C098C
src/sub_080C0A9C.c,src/unnamed/sub_080C0A9C.c,sub_080C0A9C,0x080C0A9C,0x080C0AFC,sub_080C0A9C
src/sub_080C0AFC.c,src/unnamed/sub_080C0AFC.c,sub_080C0AFC,0x080C0AFC,0x080C0C54,sub_080C0AFC
src/sub_080C0C54.c,src/unnamed/sub_080C0C54.c,sub_080C0C54,0x080C0C54,0x080C1070,sub_080C0C54
src/sub_080C1070.c,src/unnamed/sub_080C1070.c,sub_080C1070,0x080C1070,0x080C1414,sub_080C1070
src/sub_080C1414.c,src/unnamed/sub_080C1414.c,sub_080C1414,0x080C1414,0x080C2518,sub_080C1414
src/sub_080C2518.c,src/unnamed/sub_080C2518.c,sub_080C2518,0x080C2518,0x080C25DC,sub_080C2518
src/sub_080C25DC.c,src/unnamed/sub_080C25DC.c,sub_080C25DC,0x080C25DC,0x080C2DB0,sub_080C25DC
src/sub_080C2DB0.c,src/unnamed/sub_080C2DB0.c,sub_080C2DB0,0x080C2DB0,0x080C2DD0,sub_080C2DB0
src/sub_080C2DD0.c,src/unnamed/sub_080C2DD0.c,sub_080C2DD0,0x080C2DD0,0x080C3050,sub_080C2DD0
src/sub_080C3050.c,src/unnamed/sub_080C3050.c,sub_080C3050,0x080C3050,0x080C3440,sub_080C3050
src/sub_080C3440.c,src/unnamed/sub_080C3440.c,sub_080C3440,0x080C3440,0x080C34A4,sub_080C3440
src/sub_080C34A4.c,src/unnamed/sub_080C34A4.c,sub_080C34A4,0x080C34A4,0x080C35C4,sub_080C34A4
src/sub_080C35C4.c,src/unnamed/sub_080C35C4.c,sub_080C35C4,0x080C35C4,0x080C5774,sub_080C35C4
src/sub_080C577C.c,src/unnamed/sub_080C577C.c,sub_080C577C,0x080C577C,0x080C598C,sub_080C577C
src/sub_080C598C.c,src/battle/select_battle_recovery_item.c,sub_080C598C,0x080C598C,0x080C5C00,SelectBattleRecoveryItem
src/sub_080C5C00.c,src/battle/use_battle_recovery_item.c,sub_080C5C00,0x080C5C00,0x080C5D14,UseBattleRecoveryItem
src/sub_080C5D14.c,src/unnamed/sub_080C5D14.c,sub_080C5D14,0x080C5D14,0x080C5DB4,sub_080C5D14
src/sub_080C5DB4.c,src/unnamed/sub_080C5DB4.c,sub_080C5DB4,0x080C5DB4,0x080C682C,add_address_accumulator;sub_080C5DB4
src/sub_080C682C.c,src/unnamed/sub_080C682C.c,sub_080C682C,0x080C682C,0x080C7190,sub_080C682C
src/sub_080C682C_fix_score2.inc,src/unnamed/sub_080C682C_fix_score2.inc,sub_080C682C,0x080C682C,0x080C7190,
src/sub_080C682C_fix_score4.inc,src/unnamed/sub_080C682C_fix_score4.inc,sub_080C682C,0x080C682C,0x080C7190,
src/sub_080C7190.c,src/unnamed/sub_080C7190.c,sub_080C7190,0x080C7190,0x080C8538,sub_080C7190
src/sub_080C7190_fix8090.inc,src/unnamed/sub_080C7190_fix8090.inc,sub_080C7190,0x080C7190,0x080C8538,
src/sub_080C7190_fix8310.inc,src/unnamed/sub_080C7190_fix8310.inc,sub_080C7190,0x080C7190,0x080C8538,
src/sub_080C7190_fix84B6.inc,src/unnamed/sub_080C7190_fix84B6.inc,sub_080C7190,0x080C7190,0x080C8538,
src/sub_080C8538.c,src/unnamed/sub_080C8538.c,sub_080C8538,0x080C8538,0x080C8EF4,sub_080C8538
src/sub_080C8EF4.c,src/unnamed/sub_080C8EF4.c,sub_080C8EF4,0x080C8EF4,0x080C8F48,sub_080C8EF4
src/sub_080C8F48.c,src/unnamed/sub_080C8F48.c,sub_080C8F48,0x080C8F48,0x080C9024,sub_080C8F48
src/sub_080C9024.c,src/unnamed/sub_080C9024.c,sub_080C9024,0x080C9024,0x080C9164,
src/sub_080C9164.c,src/unnamed/sub_080C9164.c,sub_080C9164,0x080C9164,0x080C91A0,sub_080C9164
src/sub_080C91A0.c,src/unnamed/sub_080C91A0.c,sub_080C91A0,0x080C91A0,0x080C9204,sub_080C91A0
src/sub_080C9204.c,src/unnamed/sub_080C9204.c,sub_080C9204,0x080C9204,0x080C9254,sub_080C9204
src/sub_080C9254.c,src/unnamed/sub_080C9254.c,sub_080C9254,0x080C9254,0x080C9274,sub_080C9254
src/sub_080C9274.c,src/unnamed/sub_080C9274.c,sub_080C9274,0x080C9274,0x080C9294,sub_080C9274
src/sub_080C9294.c,src/unnamed/sub_080C9294.c,sub_080C9294,0x080C9294,0x080C92C4,sub_080C9294
src/sub_080C92C4.c,src/unnamed/sub_080C92C4.c,sub_080C92C4,0x080C92C4,0x080C9394,sub_080C92C4
src/sub_080C9394.c,src/unnamed/sub_080C9394.c,sub_080C9394,0x080C9394,0x080C93B4,sub_080C9394
src/sub_080C93B4.c,src/unnamed/sub_080C93B4.c,sub_080C93B4,0x080C93B4,0x080C9400,sub_080C93B4
src/sub_080C9400.c,src/unnamed/sub_080C9400.c,sub_080C9400,0x080C9400,0x080C9498,sub_080C9400;sub_080C944C
src/sub_080C9498.c,src/unnamed/sub_080C9498.c,sub_080C9498,0x080C9498,0x080C94E4,sub_080C9498
src/sub_080C94E4.c,src/unnamed/sub_080C94E4.c,sub_080C94E4,0x080C94E4,0x080C957C,sub_080C94E4;sub_080C9530
src/sub_080C957C.c,src/unnamed/sub_080C957C.c,sub_080C957C,0x080C957C,0x080C96AC,sub_080C957C;sub_080C95C8;sub_080C9614;sub_080C9660
src/sub_080C96AC.c,src/unnamed/sub_080C96AC.c,sub_080C96AC,0x080C96AC,0x080C9828,sub_080C96AC;sub_080C96F8;sub_080C9744;sub_080C9790;sub_080C97DC
src/sub_080C9828.c,src/unnamed/sub_080C9828.c,sub_080C9828,0x080C9828,0x080C9874,sub_080C9828
src/sub_080C9874.c,src/battle/show_battle_modifier_labels.c,sub_080C9874,0x080C9874,0x080C99CC,ShowBattleEvasionBonus;ShowBattleDoubleAttackPower;ShowBattleHalfEvasionRate;ShowBattleHalfAttackPower;ShowBattleDoubleEvasionRate;ShowBattleSensorAccuracyOverride;ShowBattleEnergyShieldOn;ShowBattleEnergyShieldOff
src/sub_080C99CC.c,src/battle/show_battle_anti_air.c,sub_080C99CC,0x080C99CC,0x080C99EC,ShowBattleAntiAir
src/sub_080C99EC.c,src/unnamed/sub_080C99EC.c,sub_080C99EC,0x080C99EC,0x080C9A0C,sub_080C99EC
src/sub_080C9A0C.c,src/unnamed/sub_080C9A0C.c,sub_080C9A0C,0x080C9A0C,0x080C9A2C,sub_080C9A0C
src/sub_080C9A2C.c,src/unnamed/sub_080C9A2C.c,sub_080C9A2C,0x080C9A2C,0x080C9A8C,sub_080C9A2C;sub_080C9A4C;sub_080C9A6C
src/sub_080C9A8C.c,src/unnamed/sub_080C9A8C.c,sub_080C9A8C,0x080C9A8C,0x080C9B40,sub_080C9A8C;sub_080C9AD8;sub_080C9AF8;sub_080C9B00;sub_080C9B20
src/sub_080C9B40.c,src/unnamed/sub_080C9B40.c,sub_080C9B40,0x080C9B40,0x080C9B60,sub_080C9B40
src/sub_080C9B60.c,src/unnamed/sub_080C9B60.c,sub_080C9B60,0x080C9B60,0x080C9BDC,sub_080C9B60
src/sub_080C9BDC.c,src/unnamed/sub_080C9BDC.c,sub_080C9BDC,0x080C9BDC,0x080C9C58,sub_080C9BDC
src/sub_080C9C58.c,src/unnamed/sub_080C9C58.c,sub_080C9C58,0x080C9C58,0x080C9CD4,sub_080C9C58
src/sub_080C9CD4.c,src/unnamed/sub_080C9CD4.c,sub_080C9CD4,0x080C9CD4,0x080C9D50,sub_080C9CD4
src/sub_080C9D50.c,src/unnamed/sub_080C9D50.c,sub_080C9D50,0x080C9D50,0x080C9DCC,sub_080C9D50
src/sub_080C9DCC.c,src/unnamed/sub_080C9DCC.c,sub_080C9DCC,0x080C9DCC,0x080C9E94,sub_080C9DCC;sub_080C9E48
src/sub_080C9E94.c,src/unnamed/sub_080C9E94.c,sub_080C9E94,0x080C9E94,0x080C9EE0,sub_080C9E94
src/auto_080C9EE0.c,src/battle/reset_battle_unit_popup_slots.c,auto_080C9EE0,0x080C9EE0,0x080C9F00,ResetBattleUnitPopupSlots
src/sub_080C9F00.c,src/unnamed/sub_080C9F00.c,sub_080C9F00,0x080C9F00,0x080CA0AC,sub_080C9F00
src/sub_080CA0AC.c,src/battle/start_battle_unit_popup.c,sub_080CA0AC,0x080CA0AC,0x080CA140,StartBattleUnitPopup;ClearBattleUnitPopups
src/sub_080CA140.c,src/battle/are_battle_unit_popups_finished.c,sub_080CA140,0x080CA140,0x080CA184,AreBattleUnitPopupsFinished
src/sub_080CA184.c,src/battle/reset_battle_action_selection.c,sub_080CA184,0x080CA184,0x080CA1A0,ResetBattleActionSelection
src/auto_080CA1A0.c,src/unnamed/auto_080CA1A0.c,auto_080CA1A0,0x080CA1A0,0x080CA1B4,sub_080CA1A0
src/sub_080CA1B4.c,src/battle/append_battle_action_selection.c,sub_080CA1B4,0x080CA1B4,0x080CA238,AppendBattleActionSelection
src/sub_080CA238.c,src/unnamed/sub_080CA238.c,sub_080CA238,0x080CA238,0x080CA560,sub_080CA238
src/auto_080CA560.c,src/unnamed/auto_080CA560.c,auto_080CA560,0x080CA560,0x080CA570,sub_080CA560
src/sub_080CA570.c,src/unnamed/sub_080CA570.c,sub_080CA570,0x080CA570,0x080CA650,sub_080CA570
src/sub_080CA650.c,src/unnamed/sub_080CA650.c,sub_080CA650,0x080CA650,0x080CA758,sub_080CA650
src/sub_080CA758.c,src/unnamed/sub_080CA758.c,sub_080CA758,0x080CA758,0x080CA7E8,sub_080CA758
src/sub_080CA7E8.c,src/unnamed/sub_080CA7E8.c,sub_080CA7E8,0x080CA7E8,0x080CA860,sub_080CA7E8
src/sub_080CA860.c,src/unnamed/sub_080CA860.c,sub_080CA860,0x080CA860,0x080CA8D8,sub_080CA860
src/sub_080CA8D8.c,src/unnamed/sub_080CA8D8.c,sub_080CA8D8,0x080CA8D8,0x080CAB00,sub_080CA8D8
src/sub_080CAB00.c,src/unnamed/sub_080CAB00.c,sub_080CAB00,0x080CAB00,0x080CAD28,sub_080CAB00
src/sub_080CAD28.c,src/unnamed/sub_080CAD28.c,sub_080CAD28,0x080CAD28,0x080CAF50,sub_080CAD28
src/sub_080CAF50.c,src/unnamed/sub_080CAF50.c,sub_080CAF50,0x080CAF50,0x080CB030,sub_080CAF50
src/sub_080CB030.c,src/unnamed/sub_080CB030.c,sub_080CB030,0x080CB030,0x080CB194,sub_080CB030
src/sub_080CB194.c,src/unnamed/sub_080CB194.c,sub_080CB194,0x080CB194,0x080CB2EC,sub_080CB194
src/sub_080CB2EC.c,src/unnamed/sub_080CB2EC.c,sub_080CB2EC,0x080CB2EC,0x080CB340,sub_080CB2EC
src/sub_080CB340.c,src/unnamed/sub_080CB340.c,sub_080CB340,0x080CB340,0x080CB490,sub_080CB340
src/sub_080CB490.c,src/unnamed/sub_080CB490.c,sub_080CB490,0x080CB490,0x080CBAB4,sub_080CB490
src/sub_080CBAB4.c,src/unnamed/sub_080CBAB4.c,sub_080CBAB4,0x080CBAB4,0x080CBE08,sub_080CBAB4
src/sub_080CBE08.c,src/unnamed/sub_080CBE08.c,sub_080CBE08,0x080CBE08,0x080CBE8C,sub_080CBE08
src/sub_080CBE8C.c,src/unnamed/sub_080CBE8C.c,sub_080CBE8C,0x080CBE8C,0x080CC1E8,sub_080CBE8C
src/sub_080CC1E8.c,src/unnamed/sub_080CC1E8.c,sub_080CC1E8,0x080CC1E8,0x080CC2E4,sub_080CC1E8
src/sub_080CC2E4.c,src/unnamed/sub_080CC2E4.c,sub_080CC2E4,0x080CC2E4,0x080CC400,sub_080CC2E4
src/sub_080CC400.c,src/unnamed/sub_080CC400.c,sub_080CC400,0x080CC400,0x080CC44C,sub_080CC400
src/sub_080CC44C.c,src/unnamed/sub_080CC44C.c,sub_080CC44C,0x080CC44C,0x080CC49C,sub_080CC44C
src/sub_080CC49C.c,src/unnamed/sub_080CC49C.c,sub_080CC49C,0x080CC49C,0x080CC8B0,sub_080CC49C
src/sub_080CC8B0.c,src/unnamed/sub_080CC8B0.c,sub_080CC8B0,0x080CC8B0,0x080CC9F0,sub_080CC8B0
src/sub_080CC9F0.c,src/unnamed/sub_080CC9F0.c,sub_080CC9F0,0x080CC9F0,0x080CCA14,sub_080CC9F0
src/auto_080CCA14.c,src/unnamed/auto_080CCA14.c,auto_080CCA14,0x080CCA14,0x080CCA40,sub_080CCA14
src/auto_080CCA40.c,src/unnamed/auto_080CCA40.c,auto_080CCA40,0x080CCA40,0x080CCA6C,sub_080CCA40
src/sub_080CCA6C.c,src/unnamed/sub_080CCA6C.c,sub_080CCA6C,0x080CCA6C,0x080CCBA8,sub_080CCA6C
src/auto_080CCBA8.c,src/unnamed/auto_080CCBA8.c,auto_080CCBA8,0x080CCBA8,0x080CCBAC,sub_080CCBA8
src/sub_080CCBAC.c,src/unnamed/sub_080CCBAC.c,sub_080CCBAC,0x080CCBAC,0x080CCBD4,sub_080CCBAC
src/sub_080CCBD4.c,src/unnamed/sub_080CCBD4.c,sub_080CCBD4,0x080CCBD4,0x080CCE24,sub_080CCBD4
src/sub_080CCE24.c,src/unnamed/sub_080CCE24.c,sub_080CCE24,0x080CCE24,0x080CCEAC,sub_080CCE24
src/sub_080CCEAC.c,src/unnamed/sub_080CCEAC.c,sub_080CCEAC,0x080CCEAC,0x080CCEF0,sub_080CCEAC
src/sub_080CCEF0.c,src/unnamed/sub_080CCEF0.c,sub_080CCEF0,0x080CCEF0,0x080CCF3C,sub_080CCEF0
src/sub_080CCF3C.c,src/unnamed/sub_080CCF3C.c,sub_080CCF3C,0x080CCF3C,0x080CCF60,sub_080CCF3C
src/sub_080CCF60.c,src/unnamed/sub_080CCF60.c,sub_080CCF60,0x080CCF60,0x080CD05C,sub_080CCF60
src/sub_080CD05C.c,src/unnamed/sub_080CD05C.c,sub_080CD05C,0x080CD05C,0x080CD110,sub_080CD05C
src/sub_080CD110.c,src/unnamed/sub_080CD110.c,sub_080CD110,0x080CD110,0x080CD258,sub_080CD110
src/sub_080CD258.c,src/unnamed/sub_080CD258.c,sub_080CD258,0x080CD258,0x080CD2DC,sub_080CD258
src/sub_080CD2DC.c,src/unnamed/sub_080CD2DC.c,sub_080CD2DC,0x080CD2DC,0x080CD410,sub_080CD2DC
src/sub_080CD410.c,src/unnamed/sub_080CD410.c,sub_080CD410,0x080CD410,0x080CD5CC,sub_080CD410
src/sub_080CD5CC.c,src/unnamed/sub_080CD5CC.c,sub_080CD5CC,0x080CD5CC,0x080CD6D8,sub_080CD5CC
src/sub_080CD6D8.c,src/game/modes/run_battle_scene.c,sub_080CD6D8,0x080CD6D8,0x080CFD98,RunBattleScene
src/sub_080CFD3C.c,src/unnamed/sub_080CFD3C.c,sub_080CFD3C,0x080CFD3C,0x080CFD42,sub_080CFD3C
src/sub_080CFD98.c,src/unnamed/sub_080CFD98.c,sub_080CFD98,0x080CFD98,0x080CFEE4,sub_080CFD98
src/sub_080CFEE4.c,src/game/modes/run_zoid_form_change_scene.c,sub_080CFEE4,0x080CFEE4,0x080D0480,RunZoidFormChangeScene
src/sub_080D0480.c,src/battle/reset_zoid_equipment_animation.c,sub_080D0480,0x080D0480,0x080D04A0,ResetZoidEquipmentAnimation
src/sub_080D04A0.c,src/battle/start_zoid_equipment_animation.c,sub_080D04A0,0x080D04A0,0x080D0644,StartZoidEquipmentAnimation
src/sub_080D0644.c,src/battle/update_zoid_equipment_animation.c,sub_080D0644,0x080D0644,0x080D0AE4,UpdateZoidEquipmentAnimation
src/auto_080D0AE4.c,src/battle/is_zoid_equipment_animation_ready.c,auto_080D0AE4,0x080D0AE4,0x080D0AF0,IsZoidEquipmentAnimationReady
src/sub_080D0AF0.c,src/battle/reset_battle_animation.c,sub_080D0AF0,0x080D0AF0,0x080D0B60,ResetBattleAnimation
src/sub_080D0B60.c,src/battle/start_battle_animation.c,sub_080D0B60,0x080D0B60,0x080D0CA0,StartBattleAnimation
src/sub_080D0CA0.c,src/battle/start_battle_equipment_animation.c,sub_080D0CA0,0x080D0CA0,0x080D0D50,StartBattleEquipmentAnimation
src/sub_080D0D50.c,src/battle/start_battle_impact_animation.c,sub_080D0D50,0x080D0D50,0x080D0DF0,StartBattleImpactAnimation
src/sub_080D0DF0.c,src/battle/start_battle_no_impact_animation.c,sub_080D0DF0,0x080D0DF0,0x080D0E7C,StartBattleNoImpactAnimation
src/sub_080D0E7C.c,src/battle/start_battle_stationary_no_impact_animation.c,sub_080D0E7C,0x080D0E7C,0x080D0F08,StartBattleStationaryNoImpactAnimation
src/sub_080D0F08.c,src/battle/start_battle_shield_impact_animation.c,sub_080D0F08,0x080D0F08,0x080D0F94,StartBattleShieldImpactAnimation
src/sub_080D0F94.c,src/battle/start_battle_scene_animation.c,sub_080D0F94,0x080D0F94,0x080D0FF8,StartBattleSceneAnimation
src/sub_080D0FF8.c,src/battle/start_battle_sliding_impact_animation.c,sub_080D0FF8,0x080D0FF8,0x080D1090,StartBattleSlidingImpactAnimation
src/sub_080D1090.c,src/battle/update_battle_animation_script.c,sub_080D1090,0x080D1090,0x080D120C,UpdateBattleAnimationScript
src/sub_080D120C.c,src/battle/stop_battle_animation.c,sub_080D120C,0x080D120C,0x080D12A0,StopBattleAnimation
src/sub_080D12A0.c,src/battle/set_battle_animation_camera_mode.c,sub_080D12A0,0x080D12A0,0x080D12DC,SetBattleAnimationCameraMode
src/sub_080D12DC.c,src/battle/update_battle_animation_camera.c,sub_080D12DC,0x080D12DC,0x080D18CC,UpdateBattleAnimationCamera
src/auto_080D18CC.c,src/battle/is_battle_animation_camera_ready.c,auto_080D18CC,0x080D18CC,0x080D18E4,IsBattleAnimationCameraReady
src/auto_080D18E4.c,src/battle/start_battle_speed_line_background.c,auto_080D18E4,0x080D18E4,0x080D18F0,StartBattleSpeedLineBackground
src/sub_080D18F0.c,src/battle/update_battle_speed_line_background.c,sub_080D18F0,0x080D18F0,0x080D1A24,UpdateBattleSpeedLineBackground
src/auto_080D1A24.c,src/battle/is_battle_speed_line_background_ready.c,auto_080D1A24,0x080D1A24,0x080D1A44,IsBattleSpeedLineBackgroundReady
src/sub_080D1A44.c,src/battle/update_battle_background_slide.c,sub_080D1A44,0x080D1A44,0x080D1B58,UpdateBattleBackgroundSlide
src/auto_080D1B58.c,src/battle/is_battle_background_slide_finished.c,auto_080D1B58,0x080D1B58,0x080D1B78,IsBattleBackgroundSlideFinished
src/sub_080D1B78.c,src/battle/update_battle_animation.c,sub_080D1B78,0x080D1B78,0x080D1C18,UpdateBattleAnimation
src/sub_080D1C18.c,src/battle/get_battle_animation_result.c,sub_080D1C18,0x080D1C18,0x080D1C38,GetBattleAnimationResult
src/sub_080D1C38.c,src/battle/reset_battle_scanline_window.c,sub_080D1C38,0x080D1C38,0x080D1C70,ResetBattleScanlineWindow
src/sub_080D1C70.c,src/battle/start_battle_scanline_window_opening.c,sub_080D1C70,0x080D1C70,0x080D1CD4,StartBattleScanlineWindowOpening
src/sub_080D1CD4.c,src/battle/start_battle_scanline_window.c,sub_080D1CD4,0x080D1CD4,0x080D1D44,StartBattleScanlineWindow
src/sub_080D1D44.c,src/battle/start_battle_scanline_window_closing.c,sub_080D1D44,0x080D1D44,0x080D1D5C,StartBattleScanlineWindowClosing
src/sub_080D1D5C.c,src/battle/stop_battle_scanline_window.c,sub_080D1D5C,0x080D1D5C,0x080D1E38,StopBattleScanlineWindow
src/sub_080D1E38.c,src/battle/get_battle_scanline_window_phase.c,sub_080D1E38,0x080D1E38,0x080D1E58,GetBattleScanlineWindowPhase
src/sub_080D1E58.c,src/battle/update_battle_scanline_window.c,sub_080D1E58,0x080D1E58,0x080D2050,UpdateBattleScanlineWindow
src/sub_080D2050.c,src/battle/update_battle_scanline_window_display.c,sub_080D2050,0x080D2050,0x080D2180,UpdateBattleScanlineWindowDisplay
src/auto_080D2180.c,src/battle/reset_battle_background_shake.c,auto_080D2180,0x080D2180,0x080D218C,ResetBattleBackgroundShake
src/sub_080D218C.c,src/battle/start_battle_background_shake.c,sub_080D218C,0x080D218C,0x080D2200,StartBattleBackgroundShake
src/auto_080D2200.c,src/battle/request_battle_background_shake_stop.c,auto_080D2200,0x080D2200,0x080D220C,RequestBattleBackgroundShakeStop
src/auto_080D220C.c,src/battle/stop_battle_background_shake.c,auto_080D220C,0x080D220C,0x080D222C,StopBattleBackgroundShake
src/auto_080D222C.c,src/battle/is_battle_background_shake_finished.c,auto_080D222C,0x080D222C,0x080D2244,IsBattleBackgroundShakeFinished
src/sub_080D2244.c,src/battle/update_battle_background_shake.c,sub_080D2244,0x080D2244,0x080D22B4,UpdateBattleBackgroundShake
src/sub_080D22B4.c,src/unnamed/sub_080D22B4.c,sub_080D22B4,0x080D22B4,0x080D2328,
src/sub_080D2328.c,src/battle/reset_battle_animation_resource_allocation.c,sub_080D2328,0x080D2328,0x080D2340,ResetBattleAnimationResourceAllocation
src/sub_080D2340.c,src/battle/load_battle_animation_resources.c,sub_080D2340,0x080D2340,0x080D2450,LoadBattleAnimationResources
src/sub_080D2450.c,src/unnamed/sub_080D2450.c,sub_080D2450,0x080D2450,0x080D2528,
src/sub_080D2528.c,src/unnamed/sub_080D2528.c,sub_080D2528,0x080D2528,0x080D2570,sub_080D2528
src/sub_080D2570.c,src/unnamed/sub_080D2570.c,sub_080D2570,0x080D2570,0x080D2660,sub_080D2570
src/sub_080D2660.c,src/unnamed/sub_080D2660.c,sub_080D2660,0x080D2660,0x080D2754,
src/sub_080D2754.c,src/unnamed/sub_080D2754.c,sub_080D2754,0x080D2754,0x080D2790,sub_080D2754
src/sub_080D2790.c,src/battle/play_battle_animation_sound.c,sub_080D2790,0x080D2790,0x080D27A8,PlayBattleAnimationSound
src/auto_080D27A8.c,src/unnamed/auto_080D27A8.c,auto_080D27A8,0x080D27A8,0x080D27D8,sub_080D27A8
src/auto_080D27D8.c,src/unnamed/auto_080D27D8.c,auto_080D27D8,0x080D27D8,0x080D27EC,sub_080D27D8
src/sub_080D27EC.c,src/unnamed/sub_080D27EC.c,sub_080D27EC,0x080D27EC,0x080D2810,sub_080D27EC
src/sub_080D2810.c,src/unnamed/sub_080D2810.c,sub_080D2810,0x080D2810,0x080D2A44,sub_080D2810
src/sub_080D2A44.c,src/unnamed/sub_080D2A44.c,sub_080D2A44,0x080D2A44,0x080D2A4C,sub_080D2A44
src/sub_080D2A4C.c,src/unnamed/sub_080D2A4C.c,sub_080D2A4C,0x080D2A4C,0x080D2AD0,sub_080D2A4C
src/sub_080D2AD0.c,src/unnamed/sub_080D2AD0.c,sub_080D2AD0,0x080D2AD0,0x080D2B54,sub_080D2AD0
src/sub_080D2B54.c,src/unnamed/sub_080D2B54.c,sub_080D2B54,0x080D2B54,0x080D2B9C,sub_080D2B54
src/sub_080D2B9C.c,src/unnamed/sub_080D2B9C.c,sub_080D2B9C,0x080D2B9C,0x080D2CA4,sub_080D2B9C
src/sub_080D2CA4.c,src/unnamed/sub_080D2CA4.c,sub_080D2CA4,0x080D2CA4,0x080D2E44,sub_080D2CA4
src/sub_080D2E44.c,src/unnamed/sub_080D2E44.c,sub_080D2E44,0x080D2E44,0x080D2FE4,sub_080D2E44
src/sub_080D2FE4.c,src/unnamed/sub_080D2FE4.c,sub_080D2FE4,0x080D2FE4,0x080D3014,sub_080D2FE4
src/sub_080D3014.c,src/unnamed/sub_080D3014.c,sub_080D3014,0x080D3014,0x080D3074,sub_080D3014
src/sub_080D3074.c,src/unnamed/sub_080D3074.c,sub_080D3074,0x080D3074,0x080D307C,sub_080D3074
src/sub_080D307C.c,src/unnamed/sub_080D307C.c,sub_080D307C,0x080D307C,0x080D3158,sub_080D307C;sub_080D3140
src/sub_080D3158.c,src/unnamed/sub_080D3158.c,sub_080D3158,0x080D3158,0x080D32CC,sub_080D3158
src/auto_080D32CC.c,src/unnamed/auto_080D32CC.c,auto_080D32CC,0x080D32CC,0x080D32D4,sub_080D32CC
src/sub_080D32D4.c,src/unnamed/sub_080D32D4.c,sub_080D32D4,0x080D32D4,0x080D3358,sub_080D32D4
src/sub_080D3358.c,src/unnamed/sub_080D3358.c,sub_080D3358,0x080D3358,0x080D3360,sub_080D3358
src/sub_080D3360.c,src/unnamed/sub_080D3360.c,sub_080D3360,0x080D3360,0x080D33E4,sub_080D3360
src/sub_080D33E4.c,src/unnamed/sub_080D33E4.c,sub_080D33E4,0x080D33E4,0x080D342C,sub_080D33E4
src/sub_080D342C.c,src/unnamed/sub_080D342C.c,sub_080D342C,0x080D342C,0x080D34F0,sub_080D342C
src/sub_080D34F0.c,src/unnamed/sub_080D34F0.c,sub_080D34F0,0x080D34F0,0x080D35B4,sub_080D34F0
src/sub_080D35B4.c,src/unnamed/sub_080D35B4.c,sub_080D35B4,0x080D35B4,0x080D3720,sub_080D35B4
src/sub_080D3720.c,src/unnamed/sub_080D3720.c,sub_080D3720,0x080D3720,0x080D3750,sub_080D3720
src/sub_080D3750.c,src/unnamed/sub_080D3750.c,sub_080D3750,0x080D3750,0x080D37C0,sub_080D3750;sub_080D37B8
src/sub_080D37C0.c,src/unnamed/sub_080D37C0.c,sub_080D37C0,0x080D37C0,0x080D3870,sub_080D37C0
src/sub_080D3870.c,src/unnamed/sub_080D3870.c,sub_080D3870,0x080D3870,0x080D3920,sub_080D3870
src/sub_080D3920.c,src/unnamed/sub_080D3920.c,sub_080D3920,0x080D3920,0x080D3968,sub_080D3920
src/sub_080D3968.c,src/unnamed/sub_080D3968.c,sub_080D3968,0x080D3968,0x080D3B00,sub_080D3968
src/sub_080D3B00.c,src/unnamed/sub_080D3B00.c,sub_080D3B00,0x080D3B00,0x080D3C94,sub_080D3B00
src/sub_080D3C94.c,src/unnamed/sub_080D3C94.c,sub_080D3C94,0x080D3C94,0x080D3E9C,sub_080D3C94
src/sub_080D3E9C.c,src/unnamed/sub_080D3E9C.c,sub_080D3E9C,0x080D3E9C,0x080D3F6C,sub_080D3E9C
src/sub_080D3F6C.c,src/unnamed/sub_080D3F6C.c,sub_080D3F6C,0x080D3F6C,0x080D4058,sub_080D3F6C
src/sub_080D4058.c,src/unnamed/sub_080D4058.c,sub_080D4058,0x080D4058,0x080D4068,sub_080D4058
src/sub_080D4068.c,src/unnamed/sub_080D4068.c,sub_080D4068,0x080D4068,0x080D4184,sub_080D4068
src/sub_080D4184.c,src/unnamed/sub_080D4184.c,sub_080D4184,0x080D4184,0x080D42CC,sub_080D4184
src/sub_080D42CC.c,src/unnamed/sub_080D42CC.c,sub_080D42CC,0x080D42CC,0x080D43E0,sub_080D42CC
src/sub_080D43E0.c,src/unnamed/sub_080D43E0.c,sub_080D43E0,0x080D43E0,0x080D4520,sub_080D43E0
src/sub_080D4520.c,src/unnamed/sub_080D4520.c,sub_080D4520,0x080D4520,0x080D4568,sub_080D4520
src/sub_080D4568.c,src/unnamed/sub_080D4568.c,sub_080D4568,0x080D4568,0x080D477C,sub_080D4568
src/sub_080D477C.c,src/unnamed/sub_080D477C.c,sub_080D477C,0x080D477C,0x080D4990,sub_080D477C
src/sub_080D4990.c,src/unnamed/sub_080D4990.c,sub_080D4990,0x080D4990,0x080D4BA4,sub_080D4990
src/sub_080D4BA4.c,src/unnamed/sub_080D4BA4.c,sub_080D4BA4,0x080D4BA4,0x080D4BD4,sub_080D4BA4
src/sub_080D4BD4.c,src/unnamed/sub_080D4BD4.c,sub_080D4BD4,0x080D4BD4,0x080D4C7C,sub_080D4BD4
src/sub_080D4C7C.c,src/unnamed/sub_080D4C7C.c,sub_080D4C7C,0x080D4C7C,0x080D4C84,sub_080D4C7C
src/sub_080D4C84.c,src/unnamed/sub_080D4C84.c,sub_080D4C84,0x080D4C84,0x080D4D8C,sub_080D4C84
src/sub_080D4D8C.c,src/unnamed/sub_080D4D8C.c,sub_080D4D8C,0x080D4D8C,0x080D4DD4,sub_080D4D8C
src/sub_080D4DD4.c,src/unnamed/sub_080D4DD4.c,sub_080D4DD4,0x080D4DD4,0x080D50E4,sub_080D4DD4
src/sub_080D50E4.c,src/unnamed/sub_080D50E4.c,sub_080D50E4,0x080D50E4,0x080D54CC,sub_080D50E4
src/auto_080D54CC.c,src/unnamed/auto_080D54CC.c,auto_080D54CC,0x080D54CC,0x080D54D4,sub_080D54CC
src/sub_080D54D4.c,src/unnamed/sub_080D54D4.c,sub_080D54D4,0x080D54D4,0x080D5584,sub_080D54D4
src/auto_080D5584.c,src/unnamed/auto_080D5584.c,auto_080D5584,0x080D5584,0x080D558C,sub_080D5584
src/sub_080D558C.c,src/unnamed/sub_080D558C.c,sub_080D558C,0x080D558C,0x080D5690,sub_080D558C
src/sub_080D5690.c,src/unnamed/sub_080D5690.c,sub_080D5690,0x080D5690,0x080D5708,sub_080D5690;sub_080D56B0;sub_080D56B8
src/sub_080D5708.c,src/unnamed/sub_080D5708.c,sub_080D5708,0x080D5708,0x080D5764,sub_080D5708;sub_080D575C
src/sub_080D5764.c,src/unnamed/sub_080D5764.c,sub_080D5764,0x080D5764,0x080D586C,sub_080D5764
src/sub_080D586C.c,src/unnamed/sub_080D586C.c,sub_080D586C,0x080D586C,0x080D59E8,sub_080D586C
src/auto_080D59E8.c,src/unnamed/auto_080D59E8.c,auto_080D59E8,0x080D59E8,0x080D59F0,sub_080D59E8
src/sub_080D59F0.c,src/unnamed/sub_080D59F0.c,sub_080D59F0,0x080D59F0,0x080D5BAC,sub_080D59F0
src/sub_080D5BAC.c,src/unnamed/sub_080D5BAC.c,sub_080D5BAC,0x080D5BAC,0x080D5DEC,sub_080D5BAC
src/sub_080D5DEC.c,src/unnamed/sub_080D5DEC.c,sub_080D5DEC,0x080D5DEC,0x080D6038,sub_080D5DEC
src/sub_080D6038.c,src/unnamed/sub_080D6038.c,sub_080D6038,0x080D6038,0x080D6050,sub_080D6038
src/sub_080D6050.c,src/unnamed/sub_080D6050.c,sub_080D6050,0x080D6050,0x080D61C4,sub_080D6050
src/auto_080D61C4.c,src/unnamed/auto_080D61C4.c,auto_080D61C4,0x080D61C4,0x080D61CC,sub_080D61C4
src/sub_080D61CC.c,src/unnamed/sub_080D61CC.c,sub_080D61CC,0x080D61CC,0x080D624C,sub_080D61CC
src/sub_080D624C.c,src/unnamed/sub_080D624C.c,sub_080D624C,0x080D624C,0x080D63D0,sub_080D624C
src/sub_080D63D0.c,src/unnamed/sub_080D63D0.c,sub_080D63D0,0x080D63D0,0x080D64B0,sub_080D63D0;sub_080D64A8
src/sub_080D64B0.c,src/unnamed/sub_080D64B0.c,sub_080D64B0,0x080D64B0,0x080D6590,sub_080D64B0
src/sub_080D6590.c,src/unnamed/sub_080D6590.c,sub_080D6590,0x080D6590,0x080D65E0,sub_080D6590
src/sub_080D65E0.c,src/unnamed/sub_080D65E0.c,sub_080D65E0,0x080D65E0,0x080D66DC,sub_080D65E0
src/sub_080D66DC.c,src/unnamed/sub_080D66DC.c,sub_080D66DC,0x080D66DC,0x080D6894,sub_080D66DC
src/sub_080D6894.c,src/unnamed/sub_080D6894.c,sub_080D6894,0x080D6894,0x080D6B00,sub_080D6894
src/sub_080D6B00.c,src/unnamed/sub_080D6B00.c,sub_080D6B00,0x080D6B00,0x080D6B2C,sub_080D6B00
src/sub_080D6B2C.c,src/unnamed/sub_080D6B2C.c,sub_080D6B2C,0x080D6B2C,0x080D6BDC,sub_080D6B2C
src/sub_080D6BDC.c,src/unnamed/sub_080D6BDC.c,sub_080D6BDC,0x080D6BDC,0x080D6D84,sub_080D6BDC
src/sub_080D6D84.c,src/unnamed/sub_080D6D84.c,sub_080D6D84,0x080D6D84,0x080D6E6C,sub_080D6D84
src/sub_080D6E6C.c,src/unnamed/sub_080D6E6C.c,sub_080D6E6C,0x080D6E6C,0x080D6F3C,sub_080D6E6C;sub_080D6F34
src/sub_080D6F3C.c,src/unnamed/sub_080D6F3C.c,sub_080D6F3C,0x080D6F3C,0x080D701C,sub_080D6F3C
src/sub_080D701C.c,src/unnamed/sub_080D701C.c,sub_080D701C,0x080D701C,0x080D706C,sub_080D701C
src/sub_080D706C.c,src/unnamed/sub_080D706C.c,sub_080D706C,0x080D706C,0x080D7168,sub_080D706C
src/sub_080D7168.c,src/unnamed/sub_080D7168.c,sub_080D7168,0x080D7168,0x080D7328,sub_080D7168
src/sub_080D7328.c,src/unnamed/sub_080D7328.c,sub_080D7328,0x080D7328,0x080D75BC,sub_080D7328
src/sub_080D75BC.c,src/unnamed/sub_080D75BC.c,sub_080D75BC,0x080D75BC,0x080D76B8,sub_080D75BC
src/sub_080D76B8.c,src/unnamed/sub_080D76B8.c,sub_080D76B8,0x080D76B8,0x080D7878,sub_080D76B8
src/sub_080D7878.c,src/unnamed/sub_080D7878.c,sub_080D7878,0x080D7878,0x080D7B0C,sub_080D7878
src/auto_080D7B0C.c,src/unnamed/auto_080D7B0C.c,auto_080D7B0C,0x080D7B0C,0x080D7B34,sub_080D7B0C
src/sub_080D7B34.c,src/unnamed/sub_080D7B34.c,sub_080D7B34,0x080D7B34,0x080D7BE0,sub_080D7B34
src/sub_080D7BE0.c,src/unnamed/sub_080D7BE0.c,sub_080D7BE0,0x080D7BE0,0x080D7CD0,sub_080D7BE0
src/sub_080D7CD0.c,src/unnamed/sub_080D7CD0.c,sub_080D7CD0,0x080D7CD0,0x080D7D08,sub_080D7CD0
src/sub_080D7D08.c,src/unnamed/sub_080D7D08.c,sub_080D7D08,0x080D7D08,0x080D7EF4,sub_080D7D08
src/sub_080D7EF4.c,src/unnamed/sub_080D7EF4.c,sub_080D7EF4,0x080D7EF4,0x080D8148,sub_080D7EF4
src/sub_080D8148.c,src/unnamed/sub_080D8148.c,sub_080D8148,0x080D8148,0x080D843C,sub_080D8148
src/sub_080D843C.c,src/unnamed/sub_080D843C.c,sub_080D843C,0x080D843C,0x080D8628,sub_080D843C
src/sub_080D8628.c,src/unnamed/sub_080D8628.c,sub_080D8628,0x080D8628,0x080D887C,sub_080D8628
src/sub_080D887C.c,src/unnamed/sub_080D887C.c,sub_080D887C,0x080D887C,0x080D8B70,sub_080D887C
src/sub_080D8B70.c,src/unnamed/sub_080D8B70.c,sub_080D8B70,0x080D8B70,0x080D8D20,sub_080D8B70;sub_080D8C38
src/sub_080D8D20.c,src/unnamed/sub_080D8D20.c,sub_080D8D20,0x080D8D20,0x080D8DE4,sub_080D8D20
src/auto_080D8DE4.c,src/unnamed/auto_080D8DE4.c,auto_080D8DE4,0x080D8DE4,0x080D8DEC,sub_080D8DE4
src/sub_080D8DEC.c,src/unnamed/sub_080D8DEC.c,sub_080D8DEC,0x080D8DEC,0x080D8F34,sub_080D8DEC
src/sub_080D8F34.c,src/unnamed/sub_080D8F34.c,sub_080D8F34,0x080D8F34,0x080D8F84,sub_080D8F34
src/sub_080D8F84.c,src/unnamed/sub_080D8F84.c,sub_080D8F84,0x080D8F84,0x080D9130,sub_080D8F84
src/sub_080D9130.c,src/unnamed/sub_080D9130.c,sub_080D9130,0x080D9130,0x080D92E4,sub_080D9130
src/sub_080D92E4.c,src/unnamed/sub_080D92E4.c,sub_080D92E4,0x080D92E4,0x080D9490,sub_080D92E4
src/sub_080D9490.c,src/unnamed/sub_080D9490.c,sub_080D9490,0x080D9490,0x080D9644,sub_080D9490
src/auto_080D9644.c,src/unnamed/auto_080D9644.c,auto_080D9644,0x080D9644,0x080D966C,sub_080D9644
src/sub_080D966C.c,src/unnamed/sub_080D966C.c,sub_080D966C,0x080D966C,0x080D9718,sub_080D966C
src/sub_080D9718.c,src/unnamed/sub_080D9718.c,sub_080D9718,0x080D9718,0x080D980C,sub_080D9718
src/sub_080D980C.c,src/unnamed/sub_080D980C.c,sub_080D980C,0x080D980C,0x080D98C0,sub_080D980C
src/sub_080D98C0.c,src/unnamed/sub_080D98C0.c,sub_080D98C0,0x080D98C0,0x080D9994,sub_080D98C0
src/auto_080D9994.c,src/unnamed/auto_080D9994.c,auto_080D9994,0x080D9994,0x080D999C,sub_080D9994
src/sub_080D999C.c,src/unnamed/sub_080D999C.c,sub_080D999C,0x080D999C,0x080D9AE4,sub_080D999C
src/sub_080D9AE4.c,src/unnamed/sub_080D9AE4.c,sub_080D9AE4,0x080D9AE4,0x080D9B34,sub_080D9AE4
src/sub_080D9B34.c,src/unnamed/sub_080D9B34.c,sub_080D9B34,0x080D9B34,0x080D9CDC,sub_080D9B34
src/sub_080D9CDC.c,src/unnamed/sub_080D9CDC.c,sub_080D9CDC,0x080D9CDC,0x080D9E8C,sub_080D9CDC
src/sub_080D9E8C.c,src/unnamed/sub_080D9E8C.c,sub_080D9E8C,0x080D9E8C,0x080D9EB8,sub_080D9E8C
src/sub_080D9EB8.c,src/unnamed/sub_080D9EB8.c,sub_080D9EB8,0x080D9EB8,0x080D9F64,sub_080D9EB8
src/auto_080D9F64.c,src/unnamed/auto_080D9F64.c,auto_080D9F64,0x080D9F64,0x080D9F6C,sub_080D9F64
src/sub_080D9F6C.c,src/unnamed/sub_080D9F6C.c,sub_080D9F6C,0x080D9F6C,0x080DA0C0,sub_080D9F6C
src/sub_080DA0C0.c,src/unnamed/sub_080DA0C0.c,sub_080DA0C0,0x080DA0C0,0x080DA110,sub_080DA0C0
src/sub_080DA110.c,src/unnamed/sub_080DA110.c,sub_080DA110,0x080DA110,0x080DA360,sub_080DA110
src/auto_080DA360.c,src/unnamed/auto_080DA360.c,auto_080DA360,0x080DA360,0x080DA368,sub_080DA360
src/sub_080DA368.c,src/unnamed/sub_080DA368.c,sub_080DA368,0x080DA368,0x080DA3EC,sub_080DA368
src/auto_080DA3EC.c,src/unnamed/auto_080DA3EC.c,auto_080DA3EC,0x080DA3EC,0x080DA3F4,sub_080DA3EC
src/sub_080DA3F4.c,src/unnamed/sub_080DA3F4.c,sub_080DA3F4,0x080DA3F4,0x080DA5B0,sub_080DA3F4
src/sub_080DA5B0.c,src/unnamed/sub_080DA5B0.c,sub_080DA5B0,0x080DA5B0,0x080DA798,sub_080DA5B0
src/auto_080DA798.c,src/unnamed/auto_080DA798.c,auto_080DA798,0x080DA798,0x080DA7A0,sub_080DA798
src/sub_080DA7A0.c,src/unnamed/sub_080DA7A0.c,sub_080DA7A0,0x080DA7A0,0x080DA8B4,sub_080DA7A0
src/sub_080DA8B4.c,src/unnamed/sub_080DA8B4.c,sub_080DA8B4,0x080DA8B4,0x080DAA54,sub_080DA8B4
src/auto_080DAA54.c,src/unnamed/auto_080DAA54.c,auto_080DAA54,0x080DAA54,0x080DAA5C,sub_080DAA54
src/sub_080DAA5C.c,src/unnamed/sub_080DAA5C.c,sub_080DAA5C,0x080DAA5C,0x080DAB58,sub_080DAA5C
src/sub_080DAB58.c,src/unnamed/sub_080DAB58.c,sub_080DAB58,0x080DAB58,0x080DACCC,sub_080DAB58
src/sub_080DACCC.c,src/unnamed/sub_080DACCC.c,sub_080DACCC,0x080DACCC,0x080DAD14,sub_080DACCC
src/sub_080DAD14.c,src/unnamed/sub_080DAD14.c,sub_080DAD14,0x080DAD14,0x080DAED8,sub_080DAD14
src/sub_080DAED8.c,src/unnamed/sub_080DAED8.c,sub_080DAED8,0x080DAED8,0x080DB174,sub_080DAED8
src/auto_080DB174.c,src/unnamed/auto_080DB174.c,auto_080DB174,0x080DB174,0x080DB17C,sub_080DB174
src/auto_080DB17C.c,src/unnamed/auto_080DB17C.c,auto_080DB17C,0x080DB17C,0x080DB1D0,sub_080DB17C
src/sub_080DB1D0.c,src/unnamed/sub_080DB1D0.c,sub_080DB1D0,0x080DB1D0,0x080DB1D8,sub_080DB1D0
src/sub_080DB1D8.c,src/unnamed/sub_080DB1D8.c,sub_080DB1D8,0x080DB1D8,0x080DB2E4,sub_080DB1D8
src/sub_080DB2E4.c,src/unnamed/sub_080DB2E4.c,sub_080DB2E4,0x080DB2E4,0x080DB464,sub_080DB2E4
src/auto_080DB464.c,src/unnamed/auto_080DB464.c,auto_080DB464,0x080DB464,0x080DB46C,sub_080DB464
src/sub_080DB46C.c,src/unnamed/sub_080DB46C.c,sub_080DB46C,0x080DB46C,0x080DB5DC,sub_080DB46C
src/sub_080DB5DC.c,src/unnamed/sub_080DB5DC.c,sub_080DB5DC,0x080DB5DC,0x080DB7BC,sub_080DB5DC
src/sub_080DB7BC.c,src/unnamed/sub_080DB7BC.c,sub_080DB7BC,0x080DB7BC,0x080DB7CC,sub_080DB7BC
src/sub_080DB7CC.c,src/unnamed/sub_080DB7CC.c,sub_080DB7CC,0x080DB7CC,0x080DB8C4,sub_080DB7CC
src/auto_080DB8C4.c,src/unnamed/auto_080DB8C4.c,auto_080DB8C4,0x080DB8C4,0x080DB8CC,sub_080DB8C4
src/sub_080DB8CC.c,src/unnamed/sub_080DB8CC.c,sub_080DB8CC,0x080DB8CC,0x080DB9E4,sub_080DB8CC;sub_080DB964;sub_080DB970;sub_080DB978
src/sub_080DB9E4.c,src/unnamed/sub_080DB9E4.c,sub_080DB9E4,0x080DB9E4,0x080DBA3C,sub_080DB9E4;sub_080DB9EC
src/sub_080DBA3C.c,src/unnamed/sub_080DBA3C.c,sub_080DBA3C,0x080DBA3C,0x080DBA90,sub_080DBA3C
src/sub_080DBA90.c,src/unnamed/sub_080DBA90.c,sub_080DBA90,0x080DBA90,0x080DBAE8,sub_080DBA90
src/sub_080DBAE8.c,src/unnamed/sub_080DBAE8.c,sub_080DBAE8,0x080DBAE8,0x080DBE58,sub_080DBAE8
src/auto_080DBE58.c,src/unnamed/auto_080DBE58.c,auto_080DBE58,0x080DBE58,0x080DBE60,sub_080DBE58
src/auto_080DBE60.c,src/unnamed/auto_080DBE60.c,auto_080DBE60,0x080DBE60,0x080DBE98,sub_080DBE60
src/auto_080DBE98.c,src/unnamed/auto_080DBE98.c,auto_080DBE98,0x080DBE98,0x080DBEA0,sub_080DBE98
src/sub_080DBEA0.c,src/unnamed/sub_080DBEA0.c,sub_080DBEA0,0x080DBEA0,0x080DBFF0,sub_080DBEA0
src/sub_080DBFF0.c,src/unnamed/sub_080DBFF0.c,sub_080DBFF0,0x080DBFF0,0x080DC040,sub_080DBFF0
src/sub_080DC040.c,src/unnamed/sub_080DC040.c,sub_080DC040,0x080DC040,0x080DC1E0,sub_080DC040
src/auto_080DC1E0.c,src/unnamed/auto_080DC1E0.c,auto_080DC1E0,0x080DC1E0,0x080DC1E8,sub_080DC1E0
src/auto_080DC1E8.c,src/unnamed/auto_080DC1E8.c,auto_080DC1E8,0x080DC1E8,0x080DC258,sub_080DC1E8
src/sub_080DC258.c,src/unnamed/sub_080DC258.c,sub_080DC258,0x080DC258,0x080DC290,sub_080DC258
src/sub_080DC290.c,src/unnamed/sub_080DC290.c,sub_080DC290,0x080DC290,0x080DC410,sub_080DC290
src/sub_080DC410.c,src/unnamed/sub_080DC410.c,sub_080DC410,0x080DC410,0x080DC47C,sub_080DC410
src/auto_080DC47C.c,src/unnamed/auto_080DC47C.c,auto_080DC47C,0x080DC47C,0x080DC490,sub_080DC47C
src/sub_080DC490.c,src/unnamed/sub_080DC490.c,sub_080DC490,0x080DC490,0x080DC560,sub_080DC490
src/sub_080DC560.c,src/unnamed/sub_080DC560.c,sub_080DC560,0x080DC560,0x080DC584,sub_080DC560
src/sub_080DC584.c,src/unnamed/sub_080DC584.c,sub_080DC584,0x080DC584,0x080DC914,sub_080DC584
src/sub_080DC914.c,src/unnamed/sub_080DC914.c,sub_080DC914,0x080DC914,0x080DC92C,sub_080DC914
src/sub_080DC92C.c,src/unnamed/sub_080DC92C.c,sub_080DC92C,0x080DC92C,0x080DCA44,sub_080DC92C
src/sub_080DCA44.c,src/unnamed/sub_080DCA44.c,sub_080DCA44,0x080DCA44,0x080DCA6C,sub_080DCA44
src/sub_080DCA6C.c,src/unnamed/sub_080DCA6C.c,sub_080DCA6C,0x080DCA6C,0x080DCC88,sub_080DCA6C
src/sub_080DCC88.c,src/unnamed/sub_080DCC88.c,sub_080DCC88,0x080DCC88,0x080DCCB0,sub_080DCC88
src/sub_080DCCB0.c,src/unnamed/sub_080DCCB0.c,sub_080DCCB0,0x080DCCB0,0x080DCDC4,sub_080DCCB0
src/sub_080DCDC4.c,src/unnamed/sub_080DCDC4.c,sub_080DCDC4,0x080DCDC4,0x080DCEA8,sub_080DCDC4
src/sub_080DCEA8.c,src/unnamed/sub_080DCEA8.c,sub_080DCEA8,0x080DCEA8,0x080DCEC0,sub_080DCEA8
src/sub_080DCEC0.c,src/unnamed/sub_080DCEC0.c,sub_080DCEC0,0x080DCEC0,0x080DD054,sub_080DCEC0
src/sub_080DD054.c,src/unnamed/sub_080DD054.c,sub_080DD054,0x080DD054,0x080DD06C,sub_080DD054
src/sub_080DD06C.c,src/unnamed/sub_080DD06C.c,sub_080DD06C,0x080DD06C,0x080DD218,sub_080DD06C
src/auto_080DD218.c,src/unnamed/auto_080DD218.c,auto_080DD218,0x080DD218,0x080DD220,sub_080DD218
src/auto_080DD220.c,src/unnamed/auto_080DD220.c,auto_080DD220,0x080DD220,0x080DD274,sub_080DD220
src/sub_080DD274.c,src/unnamed/sub_080DD274.c,sub_080DD274,0x080DD274,0x080DD298,sub_080DD274
src/sub_080DD298.c,src/unnamed/sub_080DD298.c,sub_080DD298,0x080DD298,0x080DD7CA,sub_080DD298
src/sub_080DD7CC.c,src/unnamed/sub_080DD7CC.c,sub_080DD7CC,0x080DD7CC,0x080DD7DC,sub_080DD7CC
src/sub_080DD7DC.c,src/unnamed/sub_080DD7DC.c,sub_080DD7DC,0x080DD7DC,0x080DDBE4,sub_080DD7DC
src/auto_080DDBE4.c,src/unnamed/auto_080DDBE4.c,auto_080DDBE4,0x080DDBE4,0x080DDBEC,sub_080DDBE4
src/auto_080DDBEC.c,src/unnamed/auto_080DDBEC.c,auto_080DDBEC,0x080DDBEC,0x080DDC40,sub_080DDBEC
src/sub_080DDC40.c,src/unnamed/sub_080DDC40.c,sub_080DDC40,0x080DDC40,0x080DDC50,sub_080DDC40
src/sub_080DDC50.c,src/unnamed/sub_080DDC50.c,sub_080DDC50,0x080DDC50,0x080DDDD0,sub_080DDC50
src/sub_080DDDD0.c,src/unnamed/sub_080DDDD0.c,sub_080DDDD0,0x080DDDD0,0x080DDE0C,sub_080DDDD0
src/sub_080DDE0C.c,src/unnamed/sub_080DDE0C.c,sub_080DDE0C,0x080DDE0C,0x080DDF24,sub_080DDE0C
src/sub_080DDF24.c,src/unnamed/sub_080DDF24.c,sub_080DDF24,0x080DDF24,0x080DDF9C,sub_080DDF24
src/sub_080DDF9C.c,src/unnamed/sub_080DDF9C.c,sub_080DDF9C,0x080DDF9C,0x080DE0F8,sub_080DDF9C
src/sub_080DE0F8.c,src/unnamed/sub_080DE0F8.c,sub_080DE0F8,0x080DE0F8,0x080DE254,sub_080DE0F8
src/sub_080DE254.c,src/unnamed/sub_080DE254.c,sub_080DE254,0x080DE254,0x080DE2C4,sub_080DE254
src/sub_080DE2C4.c,src/unnamed/sub_080DE2C4.c,sub_080DE2C4,0x080DE2C4,0x080DE3B4,sub_080DE2C4
src/sub_080DE3B4.c,src/unnamed/sub_080DE3B4.c,sub_080DE3B4,0x080DE3B4,0x080DE54C,sub_080DE3B4
src/sub_080DE54C.c,src/unnamed/sub_080DE54C.c,sub_080DE54C,0x080DE54C,0x080DE5C8,sub_080DE54C
src/sub_080DE5C8.c,src/unnamed/sub_080DE5C8.c,sub_080DE5C8,0x080DE5C8,0x080DE5D8,sub_080DE5C8
src/sub_080DE5D8.c,src/unnamed/sub_080DE5D8.c,sub_080DE5D8,0x080DE5D8,0x080DE918,sub_080DE5D8
src/sub_080DE918.c,src/unnamed/sub_080DE918.c,sub_080DE918,0x080DE918,0x080DE9AC,sub_080DE918
src/sub_080DE9AC.c,src/unnamed/sub_080DE9AC.c,sub_080DE9AC,0x080DE9AC,0x080DEB5C,sub_080DE9AC
src/sub_080DEB5C.c,src/unnamed/sub_080DEB5C.c,sub_080DEB5C,0x080DEB5C,0x080DEB84,sub_080DEB5C
src/sub_080DEB84.c,src/unnamed/sub_080DEB84.c,sub_080DEB84,0x080DEB84,0x080DF056,sub_080DEB84
src/sub_080DF068.c,src/unnamed/sub_080DF068.c,sub_080DF068,0x080DF068,0x080DF090,sub_080DF068
src/sub_080DF090.c,src/unnamed/sub_080DF090.c,sub_080DF090,0x080DF090,0x080DF270,sub_080DF090
src/sub_080DF270.c,src/unnamed/sub_080DF270.c,sub_080DF270,0x080DF270,0x080DF288,sub_080DF270
src/sub_080DF288.c,src/unnamed/sub_080DF288.c,sub_080DF288,0x080DF288,0x080DF310,sub_080DF288
src/sub_080DF310.c,src/unnamed/sub_080DF310.c,sub_080DF310,0x080DF310,0x080DF320,sub_080DF310
src/sub_080DF320.c,src/unnamed/sub_080DF320.c,sub_080DF320,0x080DF320,0x080DF630,sub_080DF320
src/sub_080DF630.c,src/unnamed/sub_080DF630.c,sub_080DF630,0x080DF630,0x080DF680,sub_080DF630
src/sub_080DF680.c,src/unnamed/sub_080DF680.c,sub_080DF680,0x080DF680,0x080DF82C,sub_080DF680
src/sub_080DF82C.c,src/unnamed/sub_080DF82C.c,sub_080DF82C,0x080DF82C,0x080DF84C,sub_080DF82C
src/sub_080DF84C.c,src/unnamed/sub_080DF84C.c,sub_080DF84C,0x080DF84C,0x080DFB4C,sub_080DF84C
src/sub_080DFB4C.c,src/unnamed/sub_080DFB4C.c,sub_080DFB4C,0x080DFB4C,0x080DFB64,sub_080DFB4C
src/sub_080DFB64.c,src/unnamed/sub_080DFB64.c,sub_080DFB64,0x080DFB64,0x080DFD64,sub_080DFB64
src/sub_080DFD64.c,src/unnamed/sub_080DFD64.c,sub_080DFD64,0x080DFD64,0x080DFD7C,sub_080DFD64
src/sub_080DFD7C.c,src/unnamed/sub_080DFD7C.c,sub_080DFD7C,0x080DFD7C,0x080DFF74,sub_080DFD7C
src/sub_080DFF74.c,src/unnamed/sub_080DFF74.c,sub_080DFF74,0x080DFF74,0x080DFF84,sub_080DFF74
src/sub_080DFF84.c,src/unnamed/sub_080DFF84.c,sub_080DFF84,0x080DFF84,0x080E0050,sub_080DFF84
src/sub_080E0050.c,src/unnamed/sub_080E0050.c,sub_080E0050,0x080E0050,0x080E0060,sub_080E0050
src/sub_080E0060.c,src/unnamed/sub_080E0060.c,sub_080E0060,0x080E0060,0x080E0124,sub_080E0060
src/sub_080E0124.c,src/unnamed/sub_080E0124.c,sub_080E0124,0x080E0124,0x080E0134,sub_080E0124
src/sub_080E0134.c,src/unnamed/sub_080E0134.c,sub_080E0134,0x080E0134,0x080E0298,sub_080E0134
src/sub_080E0298.c,src/unnamed/sub_080E0298.c,sub_080E0298,0x080E0298,0x080E02E0,sub_080DACCC
src/sub_080E02E0.c,src/unnamed/sub_080E02E0.c,sub_080E02E0,0x080E02E0,0x080E04E8,sub_080E02E0
src/auto_080E04E8.c,src/unnamed/auto_080E04E8.c,auto_080E04E8,0x080E04E8,0x080E04F0,sub_080E04E8
src/sub_080E04F0.c,src/unnamed/sub_080E04F0.c,sub_080E04F0,0x080E04F0,0x080E0554,sub_080E04F0
src/sub_080E0554.c,src/unnamed/sub_080E0554.c,sub_080E0554,0x080E0554,0x080E059C,sub_080E0554
src/sub_080E059C.c,src/unnamed/sub_080E059C.c,sub_080E059C,0x080E059C,0x080E07A4,sub_080E059C
src/sub_080E07A4.c,src/unnamed/sub_080E07A4.c,sub_080E07A4,0x080E07A4,0x080E07D4,sub_080E07A4
src/sub_080E07D4.c,src/unnamed/sub_080E07D4.c,sub_080E07D4,0x080E07D4,0x080E083C,sub_080E07D4
src/sub_080E083C.c,src/battle/create_battle_animation_group.c,sub_080E083C,0x080E083C,0x080E0B1C,CreateBattleAnimationGroup
src/sub_080E0B1C.c,src/unnamed/sub_080E0B1C.c,sub_080E0B1C,0x080E0B1C,0x080E0B74,sub_080E0B1C
src/sub_080E0B74.c,src/unnamed/sub_080E0B74.c,sub_080E0B74,0x080E0B74,0x080E0BA8,sub_080E0B74
src/sub_080E0BA8.c,src/unnamed/sub_080E0BA8.c,sub_080E0BA8,0x080E0BA8,0x080E0C44,sub_080E0BA8
src/sub_080E0C44.c,src/unnamed/sub_080E0C44.c,sub_080E0C44,0x080E0C44,0x080E0CA4,sub_080E0C44
src/sub_080E0CA4.c,src/unnamed/sub_080E0CA4.c,sub_080E0CA4,0x080E0CA4,0x080E0D40,sub_080E0CA4
src/sub_080E0D40.c,src/unnamed/sub_080E0D40.c,sub_080E0D40,0x080E0D40,0x080E0D8C,sub_080E0D40
src/sub_080E0D8C.c,src/unnamed/sub_080E0D8C.c,sub_080E0D8C,0x080E0D8C,0x080E0DE8,sub_080E0D8C
src/sub_080E0DE8.c,src/unnamed/sub_080E0DE8.c,sub_080E0DE8,0x080E0DE8,0x080E0E44,sub_080E0DE8
src/sub_080E0E44.c,src/unnamed/sub_080E0E44.c,sub_080E0E44,0x080E0E44,0x080E0EE0,sub_080E0E44
src/sub_080E0EE0.c,src/unnamed/sub_080E0EE0.c,sub_080E0EE0,0x080E0EE0,0x080E0F44,sub_080E0EE0
src/sub_080E0F44.c,src/unnamed/sub_080E0F44.c,sub_080E0F44,0x080E0F44,0x080E125C,sub_080E0F44
src/sub_080E125C.c,src/unnamed/sub_080E125C.c,sub_080E125C,0x080E125C,0x080E13C4,sub_080E125C
src/sub_080E13C4.c,src/unnamed/sub_080E13C4.c,sub_080E13C4,0x080E13C4,0x080E1438,sub_080E13C4
src/sub_080E1438.c,src/unnamed/sub_080E1438.c,sub_080E1438,0x080E1438,0x080E155C,sub_080E1438
src/sub_080E155C.c,src/game/modes/run_link_battle.c,sub_080E155C,0x080E155C,0x080E1F40,RunLinkBattle
src/sub_080E1F40.c,src/game/modes/run_link_trade.c,sub_080E1F40,0x080E1F40,0x080E2C24,RunLinkTrade
src/sub_080E2C24.c,src/unnamed/sub_080E2C24.c,sub_080E2C24,0x080E2C24,0x080E2DCC,sub_080E2C24
src/sub_080E2DCC.c,src/unnamed/sub_080E2DCC.c,sub_080E2DCC,0x080E2DCC,0x080E2EA4,sub_080E2DCC
src/sub_080E2EA4.c,src/unnamed/sub_080E2EA4.c,sub_080E2EA4,0x080E2EA4,0x080E2F30,sub_080E2EA4
src/sub_080E2F30.c,src/unnamed/sub_080E2F30.c,sub_080E2F30,0x080E2F30,0x080E2F70,sub_080E2F30;sub_080E2F4C;sub_080E2F5C
src/sub_080E2F70.c,src/unnamed/sub_080E2F70.c,sub_080E2F70,0x080E2F70,0x080E364C,sub_080E2F70
src/sub_080E364C.c,src/unnamed/sub_080E364C.c,sub_080E364C,0x080E364C,0x080E39C8,sub_080E364C
src/sub_080E39C8.c,src/unnamed/sub_080E39C8.c,sub_080E39C8,0x080E39C8,0x080E3CE0,sub_080E39C8
src/sub_080E3CE0.c,src/unnamed/sub_080E3CE0.c,sub_080E3CE0,0x080E3CE0,0x080E3EA0,sub_080E3CE0
src/sub_080E3EA0.c,src/game/modes/run_database.c,sub_080E3EA0,0x080E3EA0,0x080E4518,RunDatabase
src/sub_080E4518.c,src/unnamed/sub_080E4518.c,sub_080E4518,0x080E4518,0x080E47EC,sub_080E4518
src/sub_080E47EC.c,src/unnamed/sub_080E47EC.c,sub_080E47EC,0x080E47EC,0x080E4948,sub_080E47EC
src/sub_080E4948.c,src/unnamed/sub_080E4948.c,sub_080E4948,0x080E4948,0x080E4A44,sub_080E4948
src/sub_080E4A44.c,src/game/modes/run_challenge_menu.c,sub_080E4A44,0x080E4A44,0x080E5000,RunChallengeMenu
src/sub_080E5000.c,src/game/modes/run_credits.c,sub_080E5000,0x080E5000,0x080E522C,RunCredits
src/sub_080E522C.c,src/engine/scale_by_percent.c,sub_080E522C,0x080E522C,0x080E523C,ScaleByPercent
src/sub_080E523C.c,src/unnamed/sub_080E523C.c,sub_080E523C,0x080E523C,0x080E5320,sub_080E523C
src/sub_080E5320.c,src/zoids/get_zoid_form_id.c,sub_080E5320,0x080E5320,0x080E5354,GetZoidFormId
src/sub_080E5354.c,src/zoids/get_zoid_base_form_id.c,sub_080E5354,0x080E5354,0x080E542C,GetZoidBaseFormId
src/sub_080E542C.c,src/zoids/apply_equipment_stat_bonuses.c,sub_080E542C,0x080E542C,0x080E5538,ApplyEquipmentStatBonuses
src/sub_080E5538.c,src/zoids/load_zoid_base_stats.c,sub_080E5538,0x080E5538,0x080E5674,LoadZoidBaseStats
src/sub_080E5674.c,src/zoids/apply_equipment_weight_penalty.c,sub_080E5674,0x080E5674,0x080E570C,ApplyEquipmentWeightPenalty
src/sub_080E570C.c,src/zoids/calculate_zoid_derived_stats.c,sub_080E570C,0x080E570C,0x080E57D0,CalculateZoidDerivedStats
src/auto_080E57D0.c,src/unnamed/auto_080E57D0.c,auto_080E57D0,0x080E57D0,0x080E5880,sub_080E57D0
src/auto_080E5880.c,src/zoids/recalculate_zoid_stats.c,auto_080E5880,0x080E5880,0x080E58DC,RecalculateZoidStats
src/sub_080E58DC.c,src/zoids/load_zoid_equipment_stats.c,sub_080E58DC,0x080E58DC,0x080E596C,LoadZoidEquipmentStats
src/sub_080E596C.c,src/zoids/apply_weapon_weight_penalty.c,sub_080E596C,0x080E596C,0x080E59A0,ApplyWeaponWeightPenalty
src/auto_080E59A0.c,src/zoids/apply_zoid_weapon_weight_penalty.c,auto_080E59A0,0x080E59A0,0x080E59BC,ApplyZoidWeaponWeightPenalty
src/sub_080E59BC.c,src/unnamed/sub_080E59BC.c,sub_080E59BC,0x080E59BC,0x080E5A18,sub_080E59BC
src/sub_080E5A18.c,src/unnamed/sub_080E5A18.c,sub_080E5A18,0x080E5A18,0x080E5B44,sub_080E5A18
src/sub_080E5B44.c,src/unnamed/sub_080E5B44.c,sub_080E5B44,0x080E5B44,0x080E5C34,sub_080E5B44
src/sub_080E5C34.c,src/unnamed/sub_080E5C34.c,sub_080E5C34,0x080E5C34,0x080E5C8C,sub_080E5C34
src/sub_080E5C8C.c,src/unnamed/sub_080E5C8C.c,sub_080E5C8C,0x080E5C8C,0x080E5CE4,sub_080E5C8C
src/sub_080E5CE4.c,src/unnamed/sub_080E5CE4.c,sub_080E5CE4,0x080E5CE4,0x080E5D38,sub_080E5CE4
src/sub_080E5D38.c,src/unnamed/sub_080E5D38.c,sub_080E5D38,0x080E5D38,0x080E5D6C,sub_080E5D38
src/sub_080E5D6C.c,src/unnamed/sub_080E5D6C.c,sub_080E5D6C,0x080E5D6C,0x080E5D98,sub_080E5D6C
src/sub_080E5D98.c,src/unnamed/sub_080E5D98.c,sub_080E5D98,0x080E5D98,0x080E5DC4,sub_080E5D98
src/sub_080E5DC4.c,src/unnamed/sub_080E5DC4.c,sub_080E5DC4,0x080E5DC4,0x080E5E0C,sub_080E5DC4
src/sub_080E5E0C.c,src/unnamed/sub_080E5E0C.c,sub_080E5E0C,0x080E5E0C,0x080E5E38,sub_080E5E0C
src/sub_080E5E38.c,src/unnamed/sub_080E5E38.c,sub_080E5E38,0x080E5E38,0x080E5E64,sub_080E5E38
src/sub_080E5E64.c,src/unnamed/sub_080E5E64.c,sub_080E5E64,0x080E5E64,0x080E5E90,sub_080E5E64
src/sub_080E5E90.c,src/unnamed/sub_080E5E90.c,sub_080E5E90,0x080E5E90,0x080E5EBC,sub_080E5E90
src/sub_080E5EBC.c,src/unnamed/sub_080E5EBC.c,sub_080E5EBC,0x080E5EBC,0x080E5EFC,sub_080E5EBC
src/sub_080E5EFC.c,src/unnamed/sub_080E5EFC.c,sub_080E5EFC,0x080E5EFC,0x080E5FA8,sub_080E5EFC
src/sub_080E5FA8.c,src/unnamed/sub_080E5FA8.c,sub_080E5FA8,0x080E5FA8,0x080E6020,sub_080E5FA8
src/sub_080E6020.c,src/unnamed/sub_080E6020.c,sub_080E6020,0x080E6020,0x080E6090,sub_080E6020
src/sub_080E6090.c,src/unnamed/sub_080E6090.c,sub_080E6090,0x080E6090,0x080E60B0,sub_080E6090
src/sub_080E60B0.c,src/unnamed/sub_080E60B0.c,sub_080E60B0,0x080E60B0,0x080E65B4,sub_080E60B0
src/sub_080E65B4.c,src/unnamed/sub_080E65B4.c,sub_080E65B4,0x080E65B4,0x080E664C,sub_080E65B4
src/sub_080E664C.c,src/unnamed/sub_080E664C.c,sub_080E664C,0x080E664C,0x080E6664,sub_080E664C
src/auto_080E6664.c,src/unnamed/auto_080E6664.c,auto_080E6664,0x080E6664,0x080E6684,sub_080E6664
src/auto_080E6684.c,src/unnamed/auto_080E6684.c,auto_080E6684,0x080E6684,0x080E6690,sub_080E6684
src/auto_080E6690.c,src/unnamed/auto_080E6690.c,auto_080E6690,0x080E6690,0x080E669C,sub_080E6690
src/sub_080E669C.c,src/zoids/acquire_equipment_stat_buffer.c,sub_080E669C,0x080E669C,0x080E66B8,AcquireEquipmentStatBuffer
src/auto_080E66B8.c,src/zoids/release_equipment_stat_buffer.c,auto_080E66B8,0x080E66B8,0x080E66C8,ReleaseEquipmentStatBuffer
src/sub_080E66C8.c,src/zoids/apply_recovery_item.c,sub_080E66C8,0x080E66C8,0x080E67F0,ApplyRecoveryItem
src/sub_080E67F0.c,src/unnamed/sub_080E67F0.c,sub_080E67F0,0x080E67F0,0x080E6830,sub_080E67F0
src/sub_080E6830.c,src/unnamed/sub_080E6830.c,sub_080E6830,0x080E6830,0x080E6994,sub_080E6830
src/sub_080E6994.c,src/zoids/apply_pilot_weapon_modifiers.c,sub_080E6994,0x080E6994,0x080E6C78,ApplyPilotWeaponModifiers
src/sub_080E6C78.c,src/unnamed/sub_080E6C78.c,sub_080E6C78,0x080E6C78,0x080E6E04,sub_080E6C78
src/sub_080E6E04.c,src/unnamed/sub_080E6E04.c,sub_080E6E04,0x080E6E04,0x080E6E98,sub_080E6E04
src/sub_080E6E98.c,src/unnamed/sub_080E6E98.c,sub_080E6E98,0x080E6E98,0x080E6EEC,sub_080E6E98
src/sub_080E6EEC.c,src/unnamed/sub_080E6EEC.c,sub_080E6EEC,0x080E6EEC,0x080E6F6C,sub_080E6EEC
src/sub_080E6F6C.c,src/unnamed/sub_080E6F6C.c,sub_080E6F6C,0x080E6F6C,0x080E6FA0,sub_080E6F6C
src/sub_080E6FA0.c,src/unnamed/sub_080E6FA0.c,sub_080E6FA0,0x080E6FA0,0x080E700C,sub_080E6FA0
src/sub_080E700C.c,src/unnamed/sub_080E700C.c,sub_080E700C,0x080E700C,0x080E705C,sub_080E700C
src/sub_080E705C.c,src/unnamed/sub_080E705C.c,sub_080E705C,0x080E705C,0x080E74F0,sub_080E705C
src/sub_080E74F0.c,src/zoids/find_ability_value.c,sub_080E74F0,0x080E74F0,0x080E7664,FindAbilityValue
src/sub_080E7664.c,src/unnamed/sub_080E7664.c,sub_080E7664,0x080E7664,0x080E77A4,sub_080E7664
src/sub_080E77A4.c,src/unnamed/sub_080E77A4.c,sub_080E77A4,0x080E77A4,0x080E77FC,sub_080E77A4
src/sub_080E77FC.c,src/unnamed/sub_080E77FC.c,sub_080E77FC,0x080E77FC,0x080E7868,sub_080E77FC
src/sub_080E7868.c,src/unnamed/sub_080E7868.c,sub_080E7868,0x080E7868,0x080E79F4,sub_080E7868
src/sub_080E79F4.c,src/unnamed/sub_080E79F4.c,sub_080E79F4,0x080E79F4,0x080E7AE0,sub_080E79F4
src/sub_080E7AE0.c,src/unnamed/sub_080E7AE0.c,sub_080E7AE0,0x080E7AE0,0x080E7B64,sub_080E7AE0
src/sub_080E7B64.c,src/unnamed/sub_080E7B64.c,sub_080E7B64,0x080E7B64,0x080E7BCC,sub_080E7B64
src/sub_080E7BCC.c,src/battle/get_battle_row_distance.c,sub_080E7BCC,0x080E7BCC,0x080E7C18,GetBattleRowDistance
src/sub_080E7C18.c,src/battle/calculate_battle_hit_rate.c,sub_080E7C18,0x080E7C18,0x080E813C,CalculateBattleHitRate
src/sub_080E813C.c,src/battle/calculate_battle_damage.c,sub_080E813C,0x080E813C,0x080E8324,CalculateBattleDamage
src/sub_080E8324.c,src/battle/is_battle_target_in_range.c,sub_080E8324,0x080E8324,0x080E83A4,IsBattleTargetInRange
src/sub_080E83A4.c,src/battle/build_battle_target_preview.c,sub_080E83A4,0x080E83A4,0x080E8554,BuildBattleTargetPreview
src/sub_080E8554.c,src/battle/build_battle_action_choices.c,sub_080E8554,0x080E8554,0x080E8B08,BuildBattleActionChoices
src/sub_080E8B08.c,src/battle/recalculate_battle_unit_stats.c,sub_080E8B08,0x080E8B08,0x080E8C48,RecalculateBattleUnitStats
src/sub_080E8C48.c,src/unnamed/sub_080E8C48.c,sub_080E8C48,0x080E8C48,0x080E8C90,sub_080E8C48
src/sub_080E8C90.c,src/battle/build_battle_equipment_stats.c,sub_080E8C90,0x080E8C90,0x080E90AC,BuildBattleEquipmentStats
src/sub_080E90AC.c,src/battle/apply_battle_passive_equipment_effects.c,sub_080E90AC,0x080E90AC,0x080E9128,ApplyBattlePassiveEquipmentEffects
src/sub_080E9128.c,src/unnamed/sub_080E9128.c,sub_080E9128,0x080E9128,0x080E94A0,sub_080E9128
src/sub_080E94A0.c,src/unnamed/sub_080E94A0.c,sub_080E94A0,0x080E94A0,0x080E96E8,sub_080E94A0
src/sub_080E96E8.c,src/unnamed/sub_080E96E8.c,sub_080E96E8,0x080E96E8,0x080E9924,sub_080E96E8
src/sub_080E9924.c,src/unnamed/sub_080E9924.c,sub_080E9924,0x080E9924,0x080E9998,sub_080E9924
src/sub_080E9998.c,src/battle/roll_battle_action_outcomes.c,sub_080E9998,0x080E9998,0x080E9D48,RollBattleActionOutcomes
src/sub_080E9D48.c,src/battle/swap_battle_action_outcome_sides.c,sub_080E9D48,0x080E9D48,0x080E9D88,SwapBattleActionOutcomeSides
src/sub_080E9D88.c,src/battle/is_battle_unit_active.c,sub_080E9D88,0x080E9D88,0x080E9DCC,IsBattleUnitActive
src/sub_080E9DCC.c,src/battle/apply_battle_target_outcome.c,sub_080E9DCC,0x080E9DCC,0x080EA408,ApplyBattleTargetOutcome
src/sub_080EA408.c,src/unnamed/sub_080EA408.c,sub_080EA408,0x080EA408,0x080EAA94,sub_080EA408
src/sub_080EAA94.c,src/unnamed/sub_080EAA94.c,sub_080EAA94,0x080EAA94,0x080EAAA4,sub_080EAA94
src/m4a_sound_main.s,src/audio/m4a_sound_main.s,m4a_sound_main,0x080EAAA4,0x080EAB28,m4a_sound_main
src/m4a_call_thunk.s,src/audio/m4a_call_thunk.s,m4a_call_thunk,0x080EAE52,0x080EAE54,m4a_call_thunk
src/sub_080EAE58.c,src/unnamed/sub_080EAE58.c,sub_080EAE58,0x080EAE58,0x080EAE70,sub_080EAE58
src/sub_080EAE70.c,src/unnamed/sub_080EAE70.c,sub_080EAE70,0x080EAE70,0x080EAE90,sub_080EAE70
src/m4a_ply_fine.s,src/audio/m4a_ply_fine.s,m4a_ply_fine,0x080EAE90,0x080EAEC0,m4a_ply_fine
src/sub_080EAEC0.c,src/unnamed/sub_080EAEC0.c,sub_080EAEC0,0x080EAEC0,0x080EAED8,sub_080EAEC0
src/sub_080EAED8.c,src/unnamed/sub_080EAED8.c,sub_080EAED8,0x080EAED8,0x080EAEF4,sub_080EAED8
src/sub_080EAEF4.c,src/unnamed/sub_080EAEF4.c,sub_080EAEF4,0x080EAEF4,0x080EAF00,sub_080EAEF4
src/m4a_read_u32.s,src/audio/m4a_read_u32.s,m4a_read_u32,0x080EAF00,0x080EAF3C,m4a_read_u32
src/sub_080EAF3C.c,src/unnamed/sub_080EAF3C.c,sub_080EAF3C,0x080EAF3C,0x080EAF50,sub_080EAF3C
src/m4a_repeat.s,src/audio/m4a_repeat.s,m4a_repeat,0x080EAF50,0x080EAF80,m4a_repeat
src/sub_080EAF80.c,src/audio/sub_080EAF80.c,sub_080EAF80,0x080EAF80,0x080EB084,sub_080EAF80;sub_080EAF8C;sub_080EAFA0;sub_080EAFB4;sub_080EAFE4;sub_080EAFF8;sub_080EB00C;sub_080EB020;sub_080EB034;sub_080EB040;sub_080EB058;sub_080EB06C
src/m4a_sound_timer.s,src/audio/m4a_sound_timer.s,m4a_sound_timer,0x080EB084,0x080EB0CE,m4a_sound_timer;m4a_mplay_main_alt
src/m4a_mplay_main.s,src/audio/m4a_mplay_main.s,m4a_mplay_main,0x080EB0CE,0x080EB328,m4a_mplay_main
src/sub_080EB318.c,src/unnamed/sub_080EB318.c,sub_080EB318,0x080EB318,0x080EB328,sub_080EB318
src/m4a_track_stop.s,src/audio/m4a_track_stop.s,m4a_track_stop,0x080EB328,0x080EB36C,m4a_track_stop
src/m4a_calc_pan.s,src/audio/m4a_calc_pan.s,m4a_calc_pan,0x080EB36C,0x080EB39C,m4a_calc_pan
src/m4a_ply_note.s,src/audio/m4a_ply_note.s,m4a_ply_note,0x080EB39C,0x080EB59C,m4a_ply_note
src/m4a_ply_endtie.s,src/audio/m4a_ply_endtie.s,m4a_ply_endtie,0x080EB59C,0x080EB5DC,m4a_ply_endtie
src/sub_080EB5DC.c,src/unnamed/sub_080EB5DC.c,sub_080EB5DC,0x080EB5DC,0x080EB5F8,sub_080EB5DC
src/sub_080EB5F8.c,src/unnamed/sub_080EB5F8.c,sub_080EB5F8,0x080EB5F8,0x080EB604,sub_080EB5F8
src/sub_080EB604.c,src/unnamed/sub_080EB604.c,sub_080EB604,0x080EB604,0x080EB618,sub_080EB604
src/sub_080EB618.c,src/unnamed/sub_080EB618.c,sub_080EB618,0x080EB618,0x080EB62C,sub_080EB618
src/sub_080EB62C.c,src/unnamed/sub_080EB62C.c,sub_080EB62C,0x080EB62C,0x080EB694,sub_080EB62C;sub_080EB690
src/sub_080EB694.c,src/audio/continue_music_player.c,sub_080EB694,0x080EB694,0x080EB6B0,ContinueMusicPlayer
src/sub_080EB6B0.c,src/audio/start_music_player_fade_out.c,sub_080EB6B0,0x080EB6B0,0x080EB6D0,StartMusicPlayerFadeOut
src/sub_080EB6D0.c,src/unnamed/sub_080EB6D0.c,sub_080EB6D0,0x080EB6D0,0x080EB748,sub_080EB6D0
src/auto_080EB748.c,src/unnamed/auto_080EB748.c,auto_080EB748,0x080EB748,0x080EB754,sub_080EB748
src/sub_080EB754.c,src/audio/start_song.c,sub_080EB754,0x080EB754,0x080EB7CC,StartSongById;StartSongIfChanged
src/sub_080EB7CC.c,src/audio/start_or_continue_song_by_id.c,sub_080EB7CC,0x080EB7CC,0x080EB820,StartOrContinueSongById
src/sub_080EB820.c,src/audio/stop_and_continue_song.c,sub_080EB820,0x080EB820,0x080EB888,StopSongById;ContinueSongById
src/sub_080EB888.c,src/unnamed/sub_080EB888.c,sub_080EB888,0x080EB888,0x080EB8B4,sub_080EB888
src/auto_080EB8B4.c,src/unnamed/auto_080EB8B4.c,auto_080EB8B4,0x080EB8B4,0x080EB8C0,sub_080EB8B4
src/m4a_init_table.s,src/audio/m4a_init_table.s,m4a_init_table,0x080EB8C0,0x080EB8EC,m4a_init_table
src/auto_080EB8EC.c,src/audio/fade_out_music_player.c,auto_080EB8EC,0x080EB8EC,0x080EB8FA,FadeOutMusicPlayer
src/sub_080EB944.c,src/unnamed/sub_080EB944.c,sub_080EB944,0x080EB944,0x080EB98C,sub_080EB944
src/sub_080EB98C.c,src/unnamed/sub_080EB98C.c,sub_080EB98C,0x080EB98C,0x080EBAA8,sub_080EB98C;sub_080EBAA4
src/auto_080EBAA8.c,src/unnamed/auto_080EBAA8.c,auto_080EBAA8,0x080EBAA8,0x080EBABC,sub_080EBAA8
src/auto_080EBABC.c,src/unnamed/auto_080EBABC.c,auto_080EBABC,0x080EBABC,0x080EBAD0,sub_080EBABC
src/sub_080EBAD0.c,src/unnamed/sub_080EBAD0.c,sub_080EBAD0,0x080EBAD0,0x080EBB9C,sub_080EBAD0
src/sub_080EBB9C.c,src/unnamed/sub_080EBB9C.c,sub_080EBB9C,0x080EBB9C,0x080EBC40,sub_080EBB9C
src/sub_080EBC40.c,src/unnamed/sub_080EBC40.c,sub_080EBC40,0x080EBC40,0x080EBD2C,sub_080EBC40;sub_080EBCD8
src/sub_080EBD2C.c,src/unnamed/sub_080EBD2C.c,sub_080EBD2C,0x080EBD2C,0x080EBD90,sub_080EBD2C
src/sub_080EBD90.c,src/unnamed/sub_080EBD90.c,sub_080EBD90,0x080EBD90,0x080EBDC8,sub_080EBD90
src/sub_080EBDC8.c,src/unnamed/sub_080EBDC8.c,sub_080EBDC8,0x080EBDC8,0x080EBE40,sub_080EBDC8
src/sub_080EBE40.c,src/audio/start_music_player.c,sub_080EBE40,0x080EBE40,0x080EBF24,StartMusicPlayer
src/sub_080EBF24.c,src/audio/stop_music_player.c,sub_080EBF24,0x080EBF24,0x080EBF64,StopMusicPlayer
src/sub_080EBF64.c,src/unnamed/sub_080EBF64.c,sub_080EBF64,0x080EBF64,0x080EC02C,sub_080EBF64
src/sub_080EC02C.c,src/unnamed/sub_080EC02C.c,sub_080EC02C,0x080EC02C,0x080EC0E0,sub_080EC02C
src/sub_080EC0E0.c,src/unnamed/sub_080EC0E0.c,sub_080EC0E0,0x080EC0E0,0x080EC188,sub_080EC0E0
src/sub_080EC188.c,src/unnamed/sub_080EC188.c,sub_080EC188,0x080EC188,0x080EC1D8,sub_080EC188
src/sub_080EC1D8.c,src/unnamed/sub_080EC1D8.c,sub_080EC1D8,0x080EC1D8,0x080EC240,sub_080EC1D8
src/m4a_cgb_sound.s,src/audio/m4a_cgb_sound.s,m4a_cgb_sound,0x080EC240,0x080EC68A,sub_080EC240
src/m4a_set_pitch.s,src/audio/m4a_set_pitch.s,m4a_set_pitch,0x080EC68C,0x080EC6B4,m4a_set_pitch
src/sub_080EC6B4.c,src/audio/set_music_track_volume.c,sub_080EC6B4,0x080EC6B4,0x080EC71C,SetMusicTrackVolume
src/sub_080EC71C.c,src/unnamed/sub_080EC71C.c,sub_080EC71C,0x080EC71C,0x080EC790,sub_080EC71C
src/sub_080EC790.c,src/unnamed/sub_080EC790.c,sub_080EC790,0x080EC790,0x080EC7F8,sub_080EC790
src/sub_080EC7F8.c,src/unnamed/sub_080EC7F8.c,sub_080EC7F8,0x080EC7F8,0x080EC818,sub_080EC7F8
src/sub_080EC818.c,src/unnamed/sub_080EC818.c,sub_080EC818,0x080EC818,0x080EC88C,sub_080EC818
src/sub_080EC88C.c,src/unnamed/sub_080EC88C.c,sub_080EC88C,0x080EC88C,0x080EC900,sub_080EC88C
src/sub_080EC900.c,src/unnamed/sub_080EC900.c,sub_080EC900,0x080EC900,0x080ECA58,sub_080EC900
src/m4a_ext_dispatch.s,src/audio/m4a_ext_dispatch.s,m4a_ext_dispatch,0x080ECA58,0x080ECA78,m4a_ext_dispatch
src/sub_080ECA78.c,src/unnamed/sub_080ECA78.c,sub_080ECA78,0x080ECA78,0x080ECA8C,sub_080ECA78
src/m4a_load_word.s,src/audio/m4a_load_word.s,m4a_load_word,0x080ECA8C,0x080ECAD4,m4a_load_word
src/sub_080ECAD4.c,src/unnamed/sub_080ECAD4.c,sub_080ECAD4,0x080ECAD4,0x080ECAE8,sub_080ECAD4
src/sub_080ECAE8.c,src/unnamed/sub_080ECAE8.c,sub_080ECAE8,0x080ECAE8,0x080ECAFC,sub_080ECAE8
src/sub_080ECAFC.c,src/unnamed/sub_080ECAFC.c,sub_080ECAFC,0x080ECAFC,0x080ECB10,sub_080ECAFC
src/sub_080ECB10.c,src/unnamed/sub_080ECB10.c,sub_080ECB10,0x080ECB10,0x080ECB24,sub_080ECB10
src/sub_080ECB24.c,src/unnamed/sub_080ECB24.c,sub_080ECB24,0x080ECB24,0x080ECB38,sub_080ECB24
src/sub_080ECB38.c,src/unnamed/sub_080ECB38.c,sub_080ECB38,0x080ECB38,0x080ECB44,sub_080ECB38
src/sub_080ECB44.c,src/unnamed/sub_080ECB44.c,sub_080ECB44,0x080ECB44,0x080ECB50,sub_080ECB44
src/sub_080ECB50.c,src/unnamed/sub_080ECB50.c,sub_080ECB50,0x080ECB50,0x080ECB64,sub_080ECB50
src/sub_080ECB64.c,src/unnamed/sub_080ECB64.c,sub_080ECB64,0x080ECB64,0x080ECB76,sub_080ECB64
src/m4a_copy_control.s,src/audio/m4a_copy_control.s,m4a_copy_control_a;m4a_copy_control_b,0x080ECB7C;0x080ECBBC,0x080ECBBC;0x080ECBFC,m4a_copy_control
src/sub_080ECBFC.c,src/unnamed/sub_080ECBFC.c,sub_080ECBFC,0x080ECBFC,0x080ECC48,sub_080ECBFC
src/sub_080ECC48.c,src/save/init_sram_access.c,sub_080ECC48,0x080ECC48,0x080ECCE4,InitSramAccess
src/sub_080ECCE4.c,src/save/write_sram_with_retries.c,sub_080ECCE4,0x080ECCE4,0x080ECD24,WriteSramWithRetries
src/sub_080ECD24.c,src/runtime/bios_arc_tan2.c,sub_080ECD24,0x080ECD24,0x080ECD28,BiosArcTan2
src/sub_080ECD28.c,src/runtime/bios_cpu_fast_set.c,sub_080ECD28,0x080ECD28,0x080ECD2C,BiosCpuFastSet
src/sub_080ECD2C.c,src/runtime/bios_cpu_set.c,sub_080ECD2C,0x080ECD2C,0x080ECD30,BiosCpuSet
src/sub_080ECD30.c,src/runtime/bios_div.c,sub_080ECD30,0x080ECD30,0x080ECD34,BiosDiv
src/sub_080ECD34.c,src/runtime/bios_lz77_to_vram.c,sub_080ECD34,0x080ECD34,0x080ECD38,BiosLz77ToVram
src/sub_080ECD38.c,src/runtime/bios_lz77_to_wram.c,sub_080ECD38,0x080ECD38,0x080ECD3C,BiosLz77ToWram
src/sub_080ECD3C.c,src/runtime/bios_sqrt.c,sub_080ECD3C,0x080ECD3C,0x080ECD40,BiosSqrt
src/sub_080ECD40.c,src/runtime/bios_soft_reset.c,sub_080ECD40,0x080ECD40,0x080ECD5C,BiosSoftReset
src/sub_08080ECD5C.c,src/runtime/call_function_r0.c,sub_08080ECD5C,0x080ECD5C,0x080ECD60,CallFunctionR0
src/sub_08080ECD60.c,src/runtime/call_function_r1.c,sub_08080ECD60,0x080ECD60,0x080ECD64,CallFunctionR1
src/sub_08080ECD64.c,src/runtime/call_function_r2.c,sub_08080ECD64,0x080ECD64,0x080ECD68,CallFunctionR2
src/sub_080ECD68.c,src/runtime/call_function_r3.c,sub_080ECD68,0x080ECD68,0x080ECD6C,CallFunctionR3
src/libgcc_divmod.s,src/runtime/libgcc_divmod.s,libgcc_divmod,0x080ECD98,0x080ED038,__divsi3;__div0;__modsi3;__udivsi3;__umodsi3
src/libc_memcpy.c,src/runtime/copy_bytes.c,libc_memcpy,0x080ED038,0x080ED098,CopyBytes
src/sub_080ED098.c,src/unnamed/sub_080ED098.c,sub_080ED098,0x080ED098,0x080ED0A4,sub_080ED098
src/libc_strcmp.c,src/runtime/compare_strings.c,libc_strcmp,0x080ED0CC,0x080ED128,CompareStrings
src/libc_strcpy.c,src/runtime/copy_string.c,libc_strcpy,0x080ED128,0x080ED174,CopyString
src/sub_080ED174.c,src/unnamed/sub_080ED174.c,sub_080ED174,0x080ED174,0x080ED17C,sub_080ED174
src/sub_080ED17C.c,src/unnamed/sub_080ED17C.c,sub_080ED17C,0x080ED17C,0x080ED184,sub_080ED17C
src/battle.h,src/battle/battle.h,,,,
src/event_script.h,src/events/event_script.h,,,,
src/game_state.h,src/game/game_state.h,,,,
src/menu_script.h,src/ui/menu_script.h,,,,
src/mp2k_command_types.h,src/audio/mp2k_command_types.h,,,,
